"year","age","pred","actual"
2001,0,-5.18363938687486,-5.73837391942582
2001,1,-7.68499603974906,-8.46840302724681
2001,2,-8.2178213255108,-8.87386813535497
2001,3,-8.4314924631181,-8.87386813535497
2001,4,-8.55087495508646,-8.94797610750869
2001,5,-8.59659922066726,-8.74033674273045
2001,6,-8.66455658919774,-9.02801881518223
2001,7,-8.67637634355214,-9.02801881518223
2001,8,-8.76257603251262,-8.62255370707406
2001,9,-8.82512225791853,-9.11503019217186
2001,10,-8.94039231751616,-9.31570088763401
2001,11,-8.98452724751196,-9.43348392329039
2001,12,-8.95534796840466,-8.74033674273045
2001,13,-8.87874526956281,-9.11503019217186
2001,14,-8.70195041859528,-9.21034037197618
2001,15,-8.42942350555183,-8.62255370707406
2001,16,-8.27190454369879,-8.14562963498375
2001,17,-8.11574284227852,-7.48757377423508
2001,18,-7.88399289862954,-7.41858090274813
2001,19,-7.86395419517481,-7.27881896037297
2001,20,-7.87016076450741,-7.15621663828064
2001,21,-7.82772028648909,-6.84948637085816
2001,22,-7.77151760026053,-7.45248245442381
2001,23,-7.74117931054005,-7.50559227973776
2001,24,-7.7298537397451,-7.27881896037297
2001,25,-7.67101737974651,-6.90775527898214
2001,26,-7.58835554755111,-7.14347761250321
2001,27,-7.52930243239401,-7.20886037176606
2001,28,-7.4665652379576,-7.05857816871672
2001,29,-7.39210369784049,-7.22246602382184
2001,30,-7.36518146335094,-7.05857816871672
2001,31,-7.29614138080961,-7.04701734631564
2001,32,-7.23125407834521,-6.87819647674059
2001,33,-7.13155914344111,-6.92795798629966
2001,34,-7.05148168800628,-6.86853456582886
2001,35,-6.89517861793119,-6.86853456582886
2001,36,-6.79671443974943,-6.63012354238386
2001,37,-6.72873204350645,-6.70074110959781
2001,38,-6.64978834344766,-6.46306945772069
2001,39,-6.57947624637915,-6.57845153183954
2001,40,-6.49052745280496,-6.39493165255347
2001,41,-6.40634522499625,-6.21460809842219
2001,42,-6.27896417948063,-6.16106733149416
2001,43,-6.17859433059624,-6.03646191303872
2001,44,-6.01391315792183,-5.9522438339547
2001,45,-5.88455325460492,-5.84304454198971
2001,46,-5.78267745792307,-5.79261368836282
2001,47,-5.77560612424259,-5.72910028264049
2001,48,-5.70806277475003,-5.6578535427678
2001,49,-5.56760535618808,-5.66360068502337
2001,50,-5.53784170369451,-5.46792015093422
2001,51,-5.44719388868927,-5.45380226938843
2001,52,-5.43332043988114,-5.3538300764783
2001,53,-5.38783381906662,-5.29631936388536
2001,54,-5.30599731361153,-5.26295022271074
2001,55,-5.17875134190183,-5.19756746344789
2001,56,-5.06865498448666,-5.10439667391073
2001,57,-4.94069109663611,-4.92813407258451
2001,58,-4.83896857573291,-4.94766049493487
2001,59,-4.73725314601491,-4.88753309696227
2001,60,-4.63811701167343,-4.80484138111716
2001,61,-4.54054412342271,-4.68097189940437
2001,62,-4.44360830421732,-4.59225396072155
2001,63,-4.33590192270194,-4.48561095093045
2001,64,-4.24110824816149,-4.46367062371439
2001,65,-4.15819454616853,-4.33361749546619
2001,66,-4.08172957558695,-4.26158048159801
2001,67,-4.01234608249356,-4.19837263264615
2001,68,-3.92796962446759,-4.10925517495785
2001,69,-3.80379409803173,-3.97762876252614
2001,70,-3.67588595372265,-3.85564267199204
2001,71,-3.52144797911932,-3.8000345034801
2001,72,-3.38449239258477,-3.66126428708096
2001,73,-3.30216183629295,-3.51795594227235
2001,74,-3.19886791633204,-3.44483583869199
2001,75,-3.04013533794764,-3.31593753771133
2001,76,-2.94864479056568,-3.20128151646725
2001,77,-2.82621195133502,-3.09621581213231
2001,78,-2.70517459667985,-2.98835951922458
2001,79,-2.58680868488811,-2.86190092592047
2001,80,-2.48968477863124,-2.7617674836082
2001,81,-2.41509734153612,-2.67249002570366
2001,82,-2.30103103906795,-2.52672914464184
2001,83,-2.1732719992521,-2.38651032793181
2001,84,-2.07238574523322,-2.35177533718482
2001,85,-1.97722674193188,-2.19903621736549
2001,86,-1.90172313887633,-2.07004582003947
2001,87,-1.81324061917008,-1.93461418931346
2001,88,-1.69322045142396,-1.88716965403271
2001,89,-1.61125636151631,-1.76755478053124
2001,90,-1.53670472163422,-1.58523322373728
2001,91,-1.45802426760594,-1.51612973530045
2001,92,-1.36111666145827,-1.37935847011878
2001,93,-1.28182431778027,-1.35003958046072
2001,94,-1.23576361907029,-1.22829965048367
2001,95,-1.15400733501791,-1.13404259450008
2001,96,-1.08032453596716,-1.0438968564793
2001,97,-1.03596208131232,-0.957685807240541
2001,98,-1.0014180741109,-0.875580743626368
2001,99,-0.980807980395751,-0.797819044503915
2001,100,-1.09038294609433,-0.724514016309445
2002,0,-5.24767415444181,-5.79261368836282
2002,1,-7.77445873568648,-8.87386813535497
2002,2,-8.31190489559038,-8.67971212091401
2002,3,-8.47189477524067,-8.37743124904108
2002,4,-8.52030110150231,-9.21034037197618
2002,5,-8.64786386337896,-9.21034037197618
2002,6,-8.7377946533816,-8.62255370707406
2002,7,-8.72606590889082,-8.87386813535497
2002,8,-8.77511051766264,-8.87386813535497
2002,9,-8.92519761405256,-9.31570088763401
2002,10,-9.06199180976229,-9.02801881518223
2002,11,-9.07615719166836,-9.31570088763401
2002,12,-9.02202270459054,-9.43348392329039
2002,13,-9.00139046514191,-9.11503019217186
2002,14,-8.83482694304243,-8.67971212091401
2002,15,-8.4629454719848,-8.74033674273045
2002,16,-8.2890759814002,-8.29404964010203
2002,17,-8.12383301242182,-7.68428406848113
2002,18,-7.93272443347051,-7.16912004311654
2002,19,-7.8900879808792,-7.33853819507459
2002,20,-7.89498340144327,-7.3232707229438
2002,21,-7.86482197422442,-7.20886037176606
2002,22,-7.82404530819616,-7.02428909523809
2002,23,-7.77684031213429,-7.20886037176606
2002,24,-7.74184095224856,-7.23625934595417
2002,25,-7.68395200493024,-7.20886037176606
2002,26,-7.62031017244947,-7.35404238161056
2002,27,-7.57785801483199,-7.64172445406234
2002,28,-7.52252174250508,-7.27881896037297
2002,29,-7.45134535509839,-7.10620621770598
2002,30,-7.41223780996891,-7.02428909523809
2002,31,-7.34819568577132,-6.86853456582886
2002,32,-7.26209519756219,-7.00206595845338
2002,33,-7.18185877823224,-6.92795798629966
2002,34,-7.0859929316568,-6.85896511481271
2002,35,-6.93235523712089,-6.75933527386386
2002,36,-6.82582409631106,-6.5929445391421
2002,37,-6.75790662043746,-6.64539101451465
2002,38,-6.67583331869347,-6.63772814176908
2002,39,-6.61935472089504,-6.51571319120611
2002,40,-6.50535644829992,-6.46950034805098
2002,41,-6.42717639683844,-6.29798970736124
2002,42,-6.30650983153597,-6.1516332992608
2002,43,-6.19434199482289,-6.15633919029822
2002,44,-6.03980478154744,-6.02812853147957
2002,45,-5.89960909218495,-5.94458096120913
2002,46,-5.82764046391547,-5.86043628470158
2002,47,-5.82241702863461,-5.80914299031403
2002,48,-5.76740128167113,-5.72910028264049
2002,49,-5.6300579362364,-5.58599943899982
2002,50,-5.57624029620669,-5.6021288209297
2002,51,-5.52948512113585,-5.43299226987464
2002,52,-5.49273916820495,-5.32261005911708
2002,53,-5.42347379833038,-5.3063495382453
2002,54,-5.34350664969432,-5.20119065581731
2002,55,-5.21191516556108,-5.23065871807422
2002,56,-5.08785313600931,-5.07998537223105
2002,57,-4.95437109260289,-5.01313842431437
2002,58,-4.85672141477974,-4.8665349501225
2002,59,-4.76331784006451,-4.8848840887907
2002,60,-4.65869813391532,-4.79875493506076
2002,61,-4.5449071362846,-4.75948754637245
2002,62,-4.46588630536639,-4.64183417035968
2002,63,-4.3676189360147,-4.49541932202897
2002,64,-4.25978544405647,-4.48472403291222
2002,65,-4.1825372577569,-4.36300862883812
2002,66,-4.11186961548785,-4.33514304877503
2002,67,-4.04300230000428,-4.20908223969252
2002,68,-3.95615507586416,-4.07748744515568
2002,69,-3.8251718599465,-3.93990820891768
2002,70,-3.69819656673951,-3.85943055530898
2002,71,-3.54540951106224,-3.74523818778332
2002,72,-3.40296466460351,-3.67932524130912
2002,73,-3.31939986287791,-3.53667352122461
2002,74,-3.21016057189298,-3.44514926919134
2002,75,-3.06320709679058,-3.32340335422214
2002,76,-2.96928097377507,-3.2501085272993
2002,77,-2.84654416159992,-3.1453930481084
2002,78,-2.72740891309438,-2.98935266658995
2002,79,-2.60785653604726,-2.88813426295597
2002,80,-2.51090736872854,-2.7646205525906
2002,81,-2.43847807886604,-2.71341456360136
2002,82,-2.31563539188288,-2.54593135162578
2002,83,-2.19358297388215,-2.41687423939617
2002,84,-2.10147249764583,-2.28043228835291
2002,85,-1.99580094499788,-2.23567438771142
2002,86,-1.92174803916841,-2.0380692985741
2002,87,-1.82737991158192,-1.94169902828385
2002,88,-1.70517217008061,-1.79830081727148
2002,89,-1.63129066616097,-1.72238267145023
2002,90,-1.55920721378021,-1.58128786901775
2002,91,-1.47045500151144,-1.51390048572504
2002,92,-1.37401488269656,-1.34922981698307
2002,93,-1.30280755193625,-1.29305905966037
2002,94,-1.24329711221446,-1.12688831401985
2002,95,-1.16234929911722,-1.07819220497855
2002,96,-1.08564770289023,-0.985774795404741
2002,97,-1.04288004441221,-0.897861596405788
2002,98,-1.00531450973864,-0.814727416464714
2002,99,-0.985207397203091,-0.736534963902932
2002,100,-1.08292772143287,-0.663394222410598
2003,0,-5.31201573901149,-5.76992227716075
2003,1,-7.82275812535838,-8.62255370707406
2003,2,-8.26311996829608,-8.29404964010203
2003,3,-8.39974822268781,-8.46840302724681
2003,4,-8.52532666617135,-8.46840302724681
2003,5,-8.60298598952982,-8.74033674273045
2003,6,-8.65869252031856,-9.43348392329039
2003,7,-8.74502326348264,-9.11503019217186
2003,8,-8.81761455090239,-9.72116599574217
2003,9,-8.99156352343455,-9.72116599574217
2003,10,-9.09984220530898,-8.56848648580379
2003,11,-9.08502519277939,-9.02801881518223
2003,12,-9.02791346969638,-9.11503019217186
2003,13,-8.96089471622603,-8.87386813535497
2003,14,-8.78826022949073,-8.42188301161191
2003,15,-8.46266091447789,-8.46840302724681
2003,16,-8.28309511652937,-7.77525584668686
2003,17,-8.11186915911669,-7.87533930524384
2003,18,-7.9209547345411,-7.48757377423508
2003,19,-7.89297132504176,-7.50559227973776
2003,20,-7.89950522651718,-7.30823284557926
2003,21,-7.86265138897711,-7.07027420847991
2003,22,-7.81174289819836,-7.23625934595417
2003,23,-7.76503572609048,-7.3697907385787
2003,24,-7.75367193115281,-7.22246602382184
2003,25,-7.72003999446796,-7.3697907385787
2003,26,-7.66206367768057,-7.13089883029635
2003,27,-7.5939180704155,-7.23625934595417
2003,28,-7.49411301357642,-7.35404238161056
2003,29,-7.43136353280843,-7.03558865049202
2003,30,-7.39640785765724,-7.27881896037297
2003,31,-7.34241580101598,-7.11847631029779
2003,32,-7.27715626820938,-7.22246602382184
2003,33,-7.20544519785394,-7.09408485717363
2003,34,-7.11123618584568,-7.02428909523809
2003,35,-6.9658878213713,-6.89780494812897
2003,36,-6.85043543868021,-6.84948637085816
2003,37,-6.79546032382876,-6.7338019718587
2003,38,-6.69942064841381,-6.51571319120611
2003,39,-6.62530077449303,-6.82157758274108
2003,40,-6.54984320726016,-6.41305903714603
2003,41,-6.45330760393003,-6.36543098815677
2003,42,-6.33327264708107,-6.18991548583182
2003,43,-6.24350628156537,-6.22972173623224
2003,44,-6.08057663163708,-6.10127941311519
2003,45,-5.94326591703054,-5.88530435127959
2003,46,-5.85008417885788,-5.90712339867423
2003,47,-5.85487205609976,-5.77958418807248
2003,48,-5.79241477387515,-5.64362855183645
2003,49,-5.62521628733343,-5.59403161069708
2003,50,-5.59308743542741,-5.53657455567229
2003,51,-5.50222057579677,-5.39482826692888
2003,52,-5.48790334014117,-5.31852007386556
2003,53,-5.41676788821272,-5.33498135091963
2003,54,-5.33989141558477,-5.19937741869313
2003,55,-5.23012237135203,-5.21765946353058
2003,56,-5.10186736570023,-5.06403607082337
2003,57,-4.96545116429073,-4.99230433741153
2003,58,-4.86660258319751,-4.84215914412435
2003,59,-4.76535630932646,-4.84596867254102
2003,60,-4.65054774557893,-4.71164243049861
2003,61,-4.54994369797882,-4.74558233970484
2003,62,-4.46346908338867,-4.669175515964
2003,63,-4.377656793081,-4.5824306990186
2003,64,-4.27042904760671,-4.42535175941225
2003,65,-4.18559200382927,-4.36615328551759
2003,66,-4.10838772978889,-4.28236231156094
2003,67,-4.0373519526215,-4.25733419071656
2003,68,-3.95200502608314,-4.19571305661039
2003,69,-3.8241281284939,-4.03985637693803
2003,70,-3.70610850923323,-3.91102350509506
2003,71,-3.56422580036545,-3.8295217839164
2003,72,-3.41899620376309,-3.71153414467874
2003,73,-3.32718757690779,-3.58164070344434
2003,74,-3.22840683608373,-3.52268727924987
2003,75,-3.08125920660561,-3.33064572571121
2003,76,-2.97590603679721,-3.30388919919516
2003,77,-2.86607609179739,-3.13683511453199
2003,78,-2.73959968432614,-3.03239625792558
2003,79,-2.62275879448244,-2.91673626732749
2003,80,-2.53071232851687,-2.82582073683672
2003,81,-2.46098572823764,-2.70037969479799
2003,82,-2.34177797520742,-2.58654078370501
2003,83,-2.2119147873447,-2.42260813559378
2003,84,-2.11855201538499,-2.37086393374734
2003,85,-2.01898297745889,-2.22321953761331
2003,86,-1.94126844144983,-2.10225991176052
2003,87,-1.85272130474041,-1.97869163857969
2003,88,-1.72910442718406,-1.86982912464998
2003,89,-1.65745387838793,-1.71141526854656
2003,90,-1.58145245137838,-1.63183690737758
2003,91,-1.50287271493251,-1.48139656255322
2003,92,-1.39157402241699,-1.41906551745043
2003,93,-1.31350545803845,-1.29433524440633
2003,94,-1.25751345964416,-1.24091345213822
2003,95,-1.17423791760176,-1.1194172181013
2003,96,-1.09733761650588,-1.02727816006378
2003,97,-1.05444163412014,-0.939405839380206
2003,98,-1.01293506898566,-0.855995576090399
2003,99,-0.985170386525219,-0.777246438251621
2003,100,-1.0609916140048,-0.703278327759404
2004,0,-5.2153646669169,-5.70178447199353
2004,1,-7.7367595681965,-7.82404601085629
2004,2,-8.14647171599703,-8.62255370707406
2004,3,-8.41559789380326,-9.02801881518223
2004,4,-8.5945784983287,-8.87386813535497
2004,5,-8.69137021858336,-8.74033674273045
2004,6,-8.7501901968065,-9.02801881518223
2004,7,-8.76268160395441,-9.21034037197618
2004,8,-8.86208318373145,-8.94797610750869
2004,9,-8.94661678545527,-9.31570088763401
2004,10,-9.02805180468908,-10.4143131763021
2004,11,-9.15668120216735,-9.21034037197618
2004,12,-9.11312115114341,-8.62255370707406
2004,13,-8.99430049339979,-8.87386813535497
2004,14,-8.81167312363913,-9.11503019217186
2004,15,-8.52916667568365,-8.74033674273045
2004,16,-8.33582471467913,-7.92940652651412
2004,17,-8.1755496707895,-7.72873583105197
2004,18,-7.96910380625492,-7.27881896037297
2004,19,-7.91611574009248,-7.40205160079692
2004,20,-7.91566493790136,-7.3232707229438
2004,21,-7.88083485636196,-6.98032597181697
2004,22,-7.84908940246682,-7.15621663828064
2004,23,-7.81314080970355,-7.19543735143392
2004,24,-7.7732017377868,-7.35404238161056
2004,25,-7.73384027513782,-7.27881896037297
2004,26,-7.67359659928147,-7.38579107992514
2004,27,-7.61959893036529,-7.11847631029779
2004,28,-7.54231320249697,-7.40205160079692
2004,29,-7.4730281517394,-7.07027420847991
2004,30,-7.44775592607726,-7.14347761250321
2004,31,-7.38201525445833,-7.16912004311654
2004,32,-7.32969580742728,-7.23625934595417
2004,33,-7.2557380069053,-7.3697907385787
2004,34,-7.16743963048977,-6.93821448646685
2004,35,-7.00368452109846,-6.80339526365789
2004,36,-6.88327285925567,-6.76799333660698
2004,37,-6.82698128672697,-6.80339526365789
2004,38,-6.72700566223515,-6.51571319120611
2004,39,-6.66030172705137,-6.40093767661368
2004,40,-6.54988620942072,-6.4956456281553
2004,41,-6.45768548173632,-6.38302675004716
2004,42,-6.34750294935653,-6.21962064024574
2004,43,-6.26033620475355,-6.12843040218114
2004,44,-6.0905484307107,-5.9522438339547
2004,45,-5.93376331172465,-5.93697636182391
2004,46,-5.84420516919275,-5.80249844759536
2004,47,-5.83220191620082,-5.69284253461787
2004,48,-5.76039215702452,-5.76353247906197
2004,49,-5.63035940640964,-5.61029213156886
2004,50,-5.5815490342743,-5.53911585310097
2004,51,-5.51687231062195,-5.40813223255524
2004,52,-5.456558576131,-5.35806737095381
2004,53,-5.41719781501638,-5.19937741869313
2004,54,-5.33516656267344,-5.13449928131864
2004,55,-5.2199731788859,-5.19036022504294
2004,56,-5.07609337232334,-5.02676467602614
2004,57,-4.93651234082727,-5.00564775258522
2004,58,-4.85652123100055,-4.87697890928358
2004,59,-4.77250134203608,-4.77477297037427
2004,60,-4.65326552763125,-4.79996926429316
2004,61,-4.56464368699211,-4.68638024141363
2004,62,-4.4817739730999,-4.65331056131603
2004,63,-4.38008554297478,-4.55352695283625
2004,64,-4.28200368206177,-4.44560561631675
2004,65,-4.20372723598641,-4.43205756827945
2004,66,-4.13159190798339,-4.31999124375443
2004,67,-4.05629793098038,-4.25733419071656
2004,68,-3.98316467982278,-4.13329331236068
2004,69,-3.86173021879602,-3.99976191973615
2004,70,-3.72876981359124,-3.95440872192458
2004,71,-3.5708434309154,-3.84203063360811
2004,72,-3.43610878841937,-3.76965576414122
2004,73,-3.34703288440232,-3.65660589356364
2004,74,-3.25810168606843,-3.56524689366866
2004,75,-3.10623777377446,-3.51324688547078
2004,76,-3.00292534847461,-3.36072744910844
2004,77,-2.88226249940823,-3.24368094378717
2004,78,-2.76767380032289,-3.08412642431659
2004,79,-2.63877531701453,-3.00094584060688
2004,80,-2.55275400738675,-2.89371734814726
2004,81,-2.47695674583792,-2.78175056403217
2004,82,-2.36583248889434,-2.64408997214333
2004,83,-2.23344499078103,-2.56044949703664
2004,84,-2.13489951045444,-2.43668807751753
2004,85,-2.04601533388342,-2.30368569843808
2004,86,-1.96146899077869,-2.17120601493767
2004,87,-1.87092691785874,-2.08112295446237
2004,88,-1.75469276043917,-1.89852096580151
2004,89,-1.66463971385307,-1.85860464865755
2004,90,-1.59307744462464,-1.76597477025433
2004,91,-1.50975882458013,-1.58934121073498
2004,92,-1.41554935752256,-1.49664508495898
2004,93,-1.33259326010146,-1.37551269275521
2004,94,-1.27005188855494,-1.29207568588091
2004,95,-1.19136900759697,-1.19464973286508
2004,96,-1.10590831872908,-1.09928251321841
2004,97,-1.05888867942278,-1.0079401205584
2004,98,-1.01785870260745,-0.920901344431838
2004,99,-0.991792567568346,-0.838381066749997
2004,100,-1.04716023829821,-0.76056985687738
2005,0,-5.01792722412875,-5.79919265946086
2005,1,-7.67102632904976,-7.98656494035407
2005,2,-8.26402855010121,-8.56848648580379
2005,3,-8.4713699516938,-8.07893826048508
2005,4,-8.53535231274761,-8.0471895621705
2005,5,-8.59051339108706,-7.95757740348081
2005,6,-8.65489498207595,-9.56701531591492
2005,7,-8.75994463398918,-8.33487163462228
2005,8,-8.79936616314815,-8.37743124904108
2005,9,-8.89187556595333,-8.46840302724681
2005,10,-9.00173417906018,-8.67971212091401
2005,11,-8.97095737348016,-9.43348392329039
2005,12,-8.95956293855507,-9.21034037197618
2005,13,-8.91267556691722,-8.67971212091401
2005,14,-8.76017488894414,-8.11172808330807
2005,15,-8.43913789839451,-8.37743124904108
2005,16,-8.25704354306845,-8.18072095479502
2005,17,-8.10830157246282,-7.75172534927667
2005,18,-7.91573865589089,-7.60090245954208
2005,19,-7.88965841432292,-7.46987419713568
2005,20,-7.90342972351953,-7.48757377423508
2005,21,-7.85858582668614,-7.3697907385787
2005,22,-7.82269229489036,-7.54263355141811
2005,23,-7.78818469163439,-7.1821921246839
2005,24,-7.77570496408564,-7.38579107992514
2005,25,-7.75153759816784,-7.46987419713568
2005,26,-7.69683293429445,-7.50559227973776
2005,27,-7.6295026237243,-7.38579107992514
2005,28,-7.56581134255096,-7.15621663828064
2005,29,-7.48599098998086,-7.50559227973776
2005,30,-7.46494632416693,-7.13089883029635
2005,31,-7.39605322255534,-6.99113688792119
2005,32,-7.31063106119638,-6.85896511481271
2005,33,-7.24512170631415,-7.07027420847991
2005,34,-7.14728746807173,-7.13089883029635
2005,35,-7.016830592532,-6.62257633674847
2005,36,-6.85847934547617,-6.75075153017247
2005,37,-6.79167689211501,-6.63012354238386
2005,38,-6.70134254920878,-6.61508566501932
2005,39,-6.63455882871122,-6.4956456281553
2005,40,-6.56217549882984,-6.41305903714603
2005,41,-6.46315699473709,-6.34244146993208
2005,42,-6.34158647396422,-6.28181684811564
2005,43,-6.25063682853836,-6.16106733149416
2005,44,-6.08406541891736,-5.9716619198118
2005,45,-5.94261512066411,-5.84996498483428
2005,46,-5.81894170322999,-5.89979735858216
2005,47,-5.82007060474663,-5.77635316749104
2005,48,-5.78641786851587,-5.60756361691566
2005,49,-5.60510972464914,-5.58333632158033
2005,50,-5.55751661417981,-5.41260651295016
2005,51,-5.46560659664831,-5.36659620730133
2005,52,-5.43988400488398,-5.31241629092754
2005,53,-5.35200899971787,-5.22320989406123
2005,54,-5.25991149238712,-5.15681780427434
2005,55,-5.19335760971598,-5.11433053043502
2005,56,-5.07871218114898,-5.00415632799855
2005,57,-4.94386495186749,-4.9661400542097
2005,58,-4.84288715709413,-4.86264641638281
2005,59,-4.72673551528423,-4.76651333639685
2005,60,-4.62849613146561,-4.76299427118166
2005,61,-4.54022771246352,-4.60417068565501
2005,62,-4.44700562658466,-4.51807547913716
2005,63,-4.34492843265878,-4.54878985255198
2005,64,-4.24644210874353,-4.51807547913716
2005,65,-4.1639930879459,-4.39978335626314
2005,66,-4.09523634944664,-4.36930786226611
2005,67,-4.01650948038792,-4.29768548624013
2005,68,-3.94159577293172,-4.16627030179369
2005,69,-3.82610440768238,-4.13766968696047
2005,70,-3.71734959253812,-4.01571824176691
2005,71,-3.56881118066079,-3.92055933645043
2005,72,-3.41908114630247,-3.79246377037051
2005,73,-3.32782767961524,-3.66946906059411
2005,74,-3.25641891369012,-3.6283489543739
2005,75,-3.10125923086829,-3.49331267056996
2005,76,-2.99301134066439,-3.40460317479699
2005,77,-2.87778056699121,-3.2398441313044
2005,78,-2.75796304787475,-3.1528540293262
2005,79,-2.64859406783416,-3.07110258057877
2005,80,-2.55060314094322,-2.89987678791047
2005,81,-2.46999085087652,-2.81124639393066
2005,82,-2.35493921495157,-2.73660400852027
2005,83,-2.22370814883865,-2.53944731644919
2005,84,-2.12406903331757,-2.45212973027406
2005,85,-2.01647049849059,-2.37054278617727
2005,86,-1.93402162937606,-2.19768468316868
2005,87,-1.84876722953238,-2.1419980283461
2005,88,-1.7213394656201,-1.99679300136995
2005,89,-1.64195247168393,-1.82504741609423
2005,90,-1.56850538817995,-1.76550709808399
2005,91,-1.49459172744182,-1.59376143304909
2005,92,-1.38738332156355,-1.5307653737828
2005,93,-1.31015326139515,-1.33036781683088
2005,94,-1.25248637814406,-1.34876738922917
2005,95,-1.1693549350524,-1.21244189941732
2005,96,-1.09564483304256,-1.11593140243858
2005,97,-1.04398035366336,-1.02345843506769
2005,98,-1.00771322637742,-0.935320657780961
2005,99,-0.985723726496023,-0.851720961224855
2005,100,-1.04891399837014,-0.772839949469194
2006,0,-5.00764917686406,-5.85693365415038
2006,1,-7.55147076665742,-8.56848648580379
2006,2,-8.15417479085374,-9.31570088763401
2006,3,-8.38664098212941,-8.74033674273045
2006,4,-8.49870385413311,-9.90348755253613
2006,5,-8.68888413247551,-8.87386813535497
2006,6,-8.78004810613018,-8.87386813535497
2006,7,-8.74391203304785,-9.31570088763401
2006,8,-8.83832657566479,-9.31570088763401
2006,9,-8.99218906456383,-9.02801881518223
2006,10,-9.11374760237132,-8.94797610750869
2006,11,-9.14240236129796,-8.80487526386802
2006,12,-9.09733002970689,-9.90348755253613
2006,13,-9.0745460137161,-9.21034037197618
2006,14,-8.89004384076489,-8.46840302724681
2006,15,-8.54043551699695,-7.902007552326
2006,16,-8.34212563090368,-7.92940652651412
2006,17,-8.1698436557068,-7.98656494035407
2006,18,-7.98920773344524,-7.13089883029635
2006,19,-7.91830240374903,-7.29341775979412
2006,20,-7.9240178231843,-7.41858090274813
2006,21,-7.90995892281866,-7.26443022292087
2006,22,-7.87686682630817,-7.35404238161056
2006,23,-7.8376060812416,-7.01311579463996
2006,24,-7.80607328706112,-7.26443022292087
2006,25,-7.77039742052249,-7.46987419713568
2006,26,-7.71750916184382,-7.23625934595417
2006,27,-7.64582615286299,-7.26443022292087
2006,28,-7.5688051120147,-7.3697907385787
2006,29,-7.5125511568963,-7.45248245442381
2006,30,-7.49050007367386,-7.16912004311654
2006,31,-7.42955076800825,-7.10620621770598
2006,32,-7.34365156328082,-6.94857727350239
2006,33,-7.24962047555594,-7.3697907385787
2006,34,-7.16438306422013,-6.95904857336969
2006,35,-6.99710208102911,-6.77672701657573
2006,36,-6.91373871446832,-6.93821448646685
2006,37,-6.84149569146003,-6.74224084050456
2006,38,-6.75169034338608,-6.72543372218818
2006,39,-6.68907980434321,-6.69264389936519
2006,40,-6.57486363896628,-6.5929445391421
2006,41,-6.49278927544055,-6.45667965962192
2006,42,-6.38415990222497,-6.41917526416347
2006,43,-6.28921037329306,-6.19971948592844
2006,44,-6.10693024408289,-6.11024808309795
2006,45,-5.97604008575078,-5.88171368314886
2006,46,-5.89566138766737,-5.97953597624271
2006,47,-5.89160796002489,-5.78282568199665
2006,48,-5.79555912674241,-5.76992227716075
2006,49,-5.67407768187356,-5.69284253461787
2006,50,-5.59081505185556,-5.44681737486648
2006,51,-5.52224342836691,-5.40145812546755
2006,52,-5.46806306662971,-5.41036687035666
2006,53,-5.39632794028167,-5.40145812546755
2006,54,-5.3157593539099,-5.17080404624908
2006,55,-5.17649992851939,-5.06245504282605
2006,56,-5.04564071354091,-5.02068562994976
2006,57,-4.9472192341535,-4.9982127740977
2006,58,-4.87010225374064,-5.01765990903322
2006,59,-4.77755671243546,-4.81836340644913
2006,60,-4.66354592598409,-4.71164243049861
2006,61,-4.56174843570573,-4.69618958437526
2006,62,-4.50608687895794,-4.6345989966789
2006,63,-4.41509529315327,-4.62129956791798
2006,64,-4.30949905116745,-4.62435300540487
2006,65,-4.23860168483431,-4.40960340244412
2006,66,-4.18036773429133,-4.36772932997306
2006,67,-4.10383829838969,-4.32829631225291
2006,68,-4.02476710868027,-4.19571305661039
2006,69,-3.89058337922535,-4.1401790985659
2006,70,-3.77784688254776,-3.99812570448156
2006,71,-3.62058456851012,-3.89762712514441
2006,72,-3.48110709865469,-3.86418567601399
2006,73,-3.38700866363073,-3.68728073275024
2006,74,-3.29976569826697,-3.64927419952158
2006,75,-3.15323951447426,-3.49068454816369
2006,76,-3.05867692914584,-3.43052321104398
2006,77,-2.92267300241853,-3.29386880390963
2006,78,-2.80355079866011,-3.16060691674423
2006,79,-2.67944095100917,-3.07564165678229
2006,80,-2.58534797657702,-2.92285362814142
2006,81,-2.52740563680539,-2.82093898318083
2006,82,-2.40319567830446,-2.66844494650985
2006,83,-2.26554447304565,-2.61251277439315
2006,84,-2.18034649931741,-2.44150239218071
2006,85,-2.08620741322103,-2.35419422672728
2006,86,-2.00302712816922,-2.22627241014488
2006,87,-1.91194051289862,-2.09475824579173
2006,88,-1.78180611564231,-2.0270009057404
2006,89,-1.70607923505468,-1.89339360314507
2006,90,-1.63360322679552,-1.75077108855074
2006,91,-1.53915349369799,-1.56518182117956
2006,92,-1.44388133479956,-1.507829426846
2006,93,-1.36383512608457,-1.4656839487894
2006,94,-1.2981587681026,-1.35452441303109
2006,95,-1.21052537042391,-1.23059060223023
2006,96,-1.13696391785799,-1.13385612010869
2006,97,-1.0840926476872,-1.0410039760478
2006,98,-1.02311300540038,-0.952358421036032
2006,99,-0.996064570566619,-0.868167456692427
2006,100,-1.06618403009047,-0.788601370733266
2007,0,-5.349597826104,-5.90345366978527
2007,1,-7.97874599793913,-8.0471895621705
2007,2,-8.45615613615883,-8.80487526386802
2007,3,-8.62155746229991,-8.46840302724681
2007,4,-8.73249969951625,-9.11503019217186
2007,5,-8.76490891868338,-9.31570088763401
2007,6,-8.84764325540346,-9.90348755253613
2007,7,-8.92716676413506,-8.74033674273045
2007,8,-8.94916020777721,-9.02801881518223
2007,9,-9.04717055010573,-9.56701531591492
2007,10,-9.1890406692757,-10.4143131763021
2007,11,-9.29052425136613,-8.94797610750869
2007,12,-9.24743077757634,-8.62255370707406
2007,13,-9.08583487719939,-9.11503019217186
2007,14,-8.90629092161814,-8.74033674273045
2007,15,-8.57720319853279,-8.46840302724681
2007,16,-8.3823780801175,-7.902007552326
2007,17,-8.21103987720634,-7.79935339826592
2007,18,-7.99391521864093,-7.27881896037297
2007,19,-7.94759499013653,-7.3232707229438
2007,20,-7.94673085148147,-7.3697907385787
2007,21,-7.91675538775062,-7.05857816871672
2007,22,-7.89136773124479,-7.3232707229438
2007,23,-7.85681902186709,-7.23625934595417
2007,24,-7.83390395167268,-7.13089883029635
2007,25,-7.79203547064721,-7.15621663828064
2007,26,-7.71633558965246,-7.1821921246839
2007,27,-7.65421968921836,-6.95904857336969
2007,28,-7.58145047751524,-7.20886037176606
2007,29,-7.51292232545676,-7.43538802106451
2007,30,-7.49052191604112,-7.20886037176606
2007,31,-7.43845790336063,-7.11847631029779
2007,32,-7.3740802561325,-7.10620621770598
2007,33,-7.30240376952523,-6.99113688792119
2007,34,-7.18249129678439,-6.84009663050832
2007,35,-7.02335160094341,-7.01311579463996
2007,36,-6.92901365829502,-6.75933527386386
2007,37,-6.86993217839708,-6.80339526365789
2007,38,-6.77309813855584,-6.61508566501932
2007,39,-6.69969769760697,-6.4759728625566
2007,40,-6.58399822313616,-6.4377516497364
2007,41,-6.49240779242888,-6.37712702791997
2007,42,-6.38661663765181,-6.36543098815677
2007,43,-6.28721467866701,-6.3538701657557
2007,44,-6.13131584406949,-6.07484615604703
2007,45,-5.99319790989342,-6.13764705728606
2007,46,-5.91189788862398,-6.05760434961253
2007,47,-5.91809016182384,-5.78607771738303
2007,48,-5.82520117204582,-5.66072298519575
2007,49,-5.69967204453213,-5.67811472790762
2007,50,-5.6254224625953,-5.54677872584654
2007,51,-5.56547174369786,-5.43299226987464
2007,52,-5.52081766405138,-5.29831736654804
2007,53,-5.42527021927589,-5.33498135091963
2007,54,-5.33113313824057,-5.27460083993072
2007,55,-5.20991397242243,-5.07038529850203
2007,56,-5.07499545208111,-5.10110719726033
2007,57,-4.96285544921799,-5.00415632799855
2007,58,-4.89200097128308,-4.93506410724918
2007,59,-4.79552441060198,-4.84724174718782
2007,60,-4.6904648234453,-4.74904055640779
2007,61,-4.58622235318082,-4.76182399603347
2007,62,-4.51172251307943,-4.60018264447705
2007,63,-4.42079971556335,-4.5688382567407
2007,64,-4.33023367671265,-4.4990099901597
2007,65,-4.23846979637362,-4.35909166339139
2007,66,-4.16817135078465,-4.34203698645772
2007,67,-4.09749051208537,-4.32451272847327
2007,68,-4.02868493162596,-4.17598855126261
2007,69,-3.90254874936154,-4.14837845071459
2007,70,-3.77796807734947,-4.0387206584741
2007,71,-3.62668283610502,-3.93631569799719
2007,72,-3.49159765395094,-3.90256784665739
2007,73,-3.38627937125693,-3.73053512938277
2007,74,-3.29634069373278,-3.69570267946206
2007,75,-3.14756595957625,-3.5425305577788
2007,76,-3.04641092309349,-3.46701672269945
2007,77,-2.92257319493476,-3.31044301839369
2007,78,-2.80328687005562,-3.17533752285372
2007,79,-2.67604779992724,-3.043033546672
2007,80,-2.58076502321139,-2.94865786616806
2007,81,-2.51565869034188,-2.8072629861738
2007,82,-2.39642818484575,-2.75781834333633
2007,83,-2.25729442890859,-2.60314979127684
2007,84,-2.17061420786821,-2.4706487780413
2007,85,-2.07888051246728,-2.33283813616507
2007,86,-1.98749963197098,-2.25037222154711
2007,87,-1.89313817844116,-2.12318446462775
2007,88,-1.77558225443563,-2.01703028155844
2007,89,-1.70206175630833,-1.83414518572449
2007,90,-1.62555643802055,-1.76849226228971
2007,91,-1.53704509852415,-1.6284168790319
2007,92,-1.43325745005311,-1.52019153491991
2007,93,-1.35348669785867,-1.41255620430882
2007,94,-1.29276340002105,-1.2949556937045
2007,95,-1.20795707207258,-1.20594140742078
2007,96,-1.12607064391522,-1.10630177715249
2007,97,-1.07301159005917,-1.01095861799324
2007,98,-1.0277029361889,-0.920223454901868
2007,99,-0.996646123595144,-0.834365182475483
2007,100,-1.06011306545467,-0.753619314003323
2008,0,-5.16645778640535,-5.94077143279246
2008,1,-7.82855257169189,-8.56848648580379
2008,2,-8.45545536020897,-8.56848648580379
2008,3,-8.60023203105671,-8.80487526386802
2008,4,-8.75592927880631,-8.56848648580379
2008,5,-8.79555861382055,-9.31570088763401
2008,6,-8.90814145551173,-8.87386813535497
2008,7,-8.84478888271416,-9.31570088763401
2008,8,-8.95931235806391,-9.90348755253613
2008,9,-9.15684653675292,-8.46840302724681
2008,10,-9.20649363082191,-9.21034037197618
2008,11,-9.18068444696442,-9.21034037197618
2008,12,-9.13634322794442,-9.11503019217186
2008,13,-9.07880224167134,-9.02801881518223
2008,14,-8.89918092770602,-9.43348392329039
2008,15,-8.59166739615775,-8.56848648580379
2008,16,-8.38731020799322,-7.92940652651412
2008,17,-8.21842441754039,-7.6211051668596
2008,18,-7.99216570569596,-7.48757377423508
2008,19,-7.9432762687416,-7.6211051668596
2008,20,-7.95099147824679,-7.16912004311654
2008,21,-7.92176972786981,-7.23625934595417
2008,22,-7.89251172523048,-7.29341775979412
2008,23,-7.85008186502959,-7.45248245442381
2008,24,-7.83707428027185,-7.35404238161056
2008,25,-7.78493700465115,-7.22246602382184
2008,26,-7.72392490217964,-7.3697907385787
2008,27,-7.6667270230924,-7.38579107992514
2008,28,-7.60836983002577,-7.19543735143392
2008,29,-7.53908568936683,-7.26443022292087
2008,30,-7.50760856288626,-7.15621663828064
2008,31,-7.44785360999755,-7.10620621770598
2008,32,-7.38398728651985,-6.94857727350239
2008,33,-7.2810446646325,-7.23625934595417
2008,34,-7.20574735060115,-7.05857816871672
2008,35,-7.05869270286702,-6.90775527898214
2008,36,-6.94781614443559,-6.98032597181697
2008,37,-6.89427883374621,-6.64539101451465
2008,38,-6.77475755173583,-6.5929445391421
2008,39,-6.70041227671949,-6.50897915902477
2008,40,-6.59972192143205,-6.50897915902477
2008,41,-6.51165895719709,-6.25543009294245
2008,42,-6.40005333391651,-6.29798970736124
2008,43,-6.3102905329538,-6.29798970736124
2008,44,-6.1552909516504,-6.14694944994838
2008,45,-6.02474632743383,-6.19480547112601
2008,46,-5.94096492223281,-6.03228654162824
2008,47,-5.90343818051361,-5.94458096120913
2008,48,-5.84119304607318,-5.77958418807248
2008,49,-5.71984980347431,-5.72296529407298
2008,50,-5.64473424372476,-5.46083629604581
2008,51,-5.56689932821067,-5.40367788220586
2008,52,-5.51917760942781,-5.52898918428304
2008,53,-5.45400487727863,-5.399243285138
2008,54,-5.36306064978372,-5.24004845842406
2008,55,-5.23021307784944,-5.13960567539322
2008,56,-5.09993560550336,-5.05302101059269
2008,57,-4.97659755941668,-4.99083266680008
2008,58,-4.88879932012252,-4.90762754402203
2008,59,-4.7967860348364,-4.84979276897942
2008,60,-4.69606162669166,-4.77477297037427
2008,61,-4.58915544940215,-4.73300355749798
2008,62,-4.51664273383133,-4.72170400224404
2008,63,-4.42286677709079,-4.52913549971209
2008,64,-4.3300713757892,-4.46453905624835
2008,65,-4.2516053258313,-4.41372372141714
2008,66,-4.18267892977793,-4.45847580683729
2008,67,-4.11599084547873,-4.36615328551759
2008,68,-4.03846424483803,-4.25099837226748
2008,69,-3.91768338631516,-4.13080109923272
2008,70,-3.80061603359416,-4.10197358938659
2008,71,-3.66391087586767,-3.98944415239673
2008,72,-3.5236278170361,-3.83274982453364
2008,73,-3.41536354505674,-3.81353605871349
2008,74,-3.33260827606804,-3.64237762046252
2008,75,-3.18186833558976,-3.57447991380544
2008,76,-3.08364093473651,-3.47829443204712
2008,77,-2.95247994621858,-3.31263720468268
2008,78,-2.83452964613737,-3.19515929825088
2008,79,-2.7098382454579,-3.1414519279034
2008,80,-2.6067459123449,-3.01716022096761
2008,81,-2.54172452201477,-2.87263007642001
2008,82,-2.43031722439533,-2.7617674836082
2008,83,-2.29904611394242,-2.66154836745079
2008,84,-2.19262919051142,-2.48003851839114
2008,85,-2.10187354777818,-2.34559698358734
2008,86,-2.0211860228909,-2.25141680641965
2008,87,-1.91849898703721,-2.14021117400979
2008,88,-1.80491078971925,-2.0270009057404
2008,89,-1.71767662197565,-1.90005762887322
2008,90,-1.65098580738053,-1.75457929810377
2008,91,-1.5618449829941,-1.64859462763529
2008,92,-1.45399526094353,-1.54299495588539
2008,93,-1.38176103555538,-1.39259416326842
2008,94,-1.3058366635637,-1.30996314791337
2008,95,-1.22865817565135,-1.22478794403986
2008,96,-1.14543511596364,-1.12491519708916
2008,97,-1.092562632328,-1.02931946217216
2008,98,-1.03209052171397,-0.93828074976577
2008,99,-1.00327952918812,-0.85204912981269
2008,100,-1.05380213814512,-0.770827680444462
2009,0,-5.25855870660598,-5.90712339867423
2009,1,-7.88207213545786,-8.80487526386802
2009,2,-8.46500896895926,-9.21034037197618
2009,3,-8.7462646380224,-9.21034037197618
2009,4,-8.83145108383459,-9.31570088763401
2009,5,-8.93307391101635,-9.02801881518223
2009,6,-8.9524693264184,-10.8197782844103
2009,7,-9.06908542189896,-9.31570088763401
2009,8,-9.11747748994864,-9.90348755253613
2009,9,-9.20386071546741,-9.56701531591492
2009,10,-9.36090005533918,-9.21034037197618
2009,11,-9.38368619489345,-9.31570088763401
2009,12,-9.33041448132274,-9.90348755253613
2009,13,-9.23263045018842,-8.74033674273045
2009,14,-9.06432408920063,-8.67971212091401
2009,15,-8.65877230563233,-8.14562963498375
2009,16,-8.42606008435868,-8.33487163462228
2009,17,-8.25278640501457,-7.68428406848113
2009,18,-8.03560623043234,-7.40205160079692
2009,19,-7.97370511327638,-7.45248245442381
2009,20,-7.97112301176241,-7.46987419713568
2009,21,-7.96035017420583,-7.45248245442381
2009,22,-7.94633465520852,-7.33853819507459
2009,23,-7.90843208067335,-7.00206595845338
2009,24,-7.87885872885658,-7.48757377423508
2009,25,-7.83735246708831,-7.23625934595417
2009,26,-7.76943514289782,-7.26443022292087
2009,27,-7.69800574807028,-7.45248245442381
2009,28,-7.6258511563128,-7.19543735143392
2009,29,-7.56705772263322,-7.07027420847991
2009,30,-7.53902562285684,-7.14347761250321
2009,31,-7.48855109744446,-6.89780494812897
2009,32,-7.39744582515181,-7.07027420847991
2009,33,-7.31391757905477,-6.92795798629966
2009,34,-7.21269929071679,-6.94857727350239
2009,35,-7.08261980274487,-7.11847631029779
2009,36,-6.98679460724184,-6.75075153017247
2009,37,-6.89276351951696,-6.64539101451465
2009,38,-6.80980393338442,-7.04701734631564
2009,39,-6.74902405774825,-6.55008083471032
2009,40,-6.60309057569235,-6.45667965962192
2009,41,-6.52990734495132,-6.39493165255347
2009,42,-6.43036166622355,-6.41917526416347
2009,43,-6.35023415536373,-6.31996861408002
2009,44,-6.18931498916434,-6.25023527606534
2009,45,-6.08690928755157,-6.0116672544255
2009,46,-5.98143522630766,-5.94840505764753
2009,47,-5.98957753751866,-5.96774802049067
2009,48,-5.84946114049985,-5.74460446917646
2009,49,-5.77654572524291,-5.59942245933196
2009,50,-5.66261993821209,-5.6021288209297
2009,51,-5.60423176387104,-5.53151125371575
2009,52,-5.60658617008248,-5.49921030892743
2009,53,-5.49336739222916,-5.45848611870086
2009,54,-5.36703412146894,-5.29831736654804
2009,55,-5.25649020408903,-5.14817470811832
2009,56,-5.09557062076109,-5.15335159629785
2009,57,-4.99661263822764,-5.08159438303675
2009,58,-4.92646155277618,-5.01464331549379
2009,59,-4.83558444979579,-4.91441643635571
2009,60,-4.73940598433882,-4.85107072442492
2009,61,-4.65471425297696,-4.75599307572268
2009,62,-4.57717559352933,-4.6831317274578
2009,63,-4.46278423416494,-4.58145365937078
2009,64,-4.3766860212024,-4.48295255326384
2009,65,-4.30507900545769,-4.36930786226611
2009,66,-4.23795430133777,-4.36536619378077
2009,67,-4.16697077900041,-4.26584488038447
2009,68,-4.08955960920341,-4.26158048159801
2009,69,-3.96796224052077,-4.17079373438551
2009,70,-3.85597794036598,-4.04784272857068
2009,71,-3.70276283496349,-4.02575177075649
2009,72,-3.56425735045151,-3.88684270689785
2009,73,-3.46136523903847,-3.70949040801806
2009,74,-3.36957375237414,-3.69771840278114
2009,75,-3.21915689691172,-3.61006827368965
2009,76,-3.12910794576948,-3.47247858366712
2009,77,-2.99947061405164,-3.34132598462477
2009,78,-2.86587708356228,-3.23805864428497
2009,79,-2.74388442870532,-3.12197600012824
2009,80,-2.64797156036701,-2.96714481670208
2009,81,-2.58369129369295,-2.89227356518576
2009,82,-2.44864782439303,-2.78449937326562
2009,83,-2.31885319729424,-2.62983994056565
2009,84,-2.23520572827585,-2.48518668899532
2009,85,-2.13591032667303,-2.39054237175319
2009,86,-2.05994803390484,-2.30880439280796
2009,87,-1.95128741396942,-2.11006571122364
2009,88,-1.83006227562899,-1.98799335523541
2009,89,-1.74920274209946,-1.90649714669848
2009,90,-1.67250508963323,-1.76235601885881
2009,91,-1.58475823299123,-1.66215327010609
2009,92,-1.46950061140829,-1.52670651483664
2009,93,-1.39117388238328,-1.4703283567299
2009,94,-1.33228382656516,-1.39090497367757
2009,95,-1.24095209139521,-1.23704711205537
2009,96,-1.1737282623655,-1.13743628052569
2009,97,-1.10863103048235,-1.04191064579881
2009,98,-1.04658869635468,-0.9508304181489
2009,99,-1.00908535175458,-0.864386374223794
2009,100,-1.09307683805745,-0.782853093644438
2010,0,-5.45907287529658,-6.07920346141599
2010,1,-8.14855159474694,-8.51719319141624
2010,2,-8.67344339901392,-8.80487526386802
2010,3,-8.84924927613012,-8.94797610750869
2010,4,-8.94398235326972,-8.80487526386802
2010,5,-8.9519263008988,-8.80487526386802
2010,6,-9.04832576864126,-9.21034037197618
2010,7,-8.97253063065592,-9.90348755253613
2010,8,-9.12430140952279,-9.31570088763401
2010,9,-9.22010779632067,-9.02801881518223
2010,10,-9.28435378261276,-10.4143131763021
2010,11,-9.38773977421904,-10.4143131763021
2010,12,-9.40717705415835,-9.02801881518223
2010,13,-9.20487244178464,-9.56701531591492
2010,14,-9.04613849825229,-8.87386813535497
2010,15,-8.68956974011477,-8.51719319141624
2010,16,-8.46615599660707,-8.37743124904108
2010,17,-8.28626256314953,-8.2170885989659
2010,18,-8.07938622196002,-7.5616817463888
2010,19,-8.00236912487249,-7.66277786326017
2010,20,-8.00870128781689,-7.35404238161056
2010,21,-7.98508180127807,-7.1821921246839
2010,22,-7.95556290369637,-7.26443022292087
2010,23,-7.91868085309858,-7.04701734631564
2010,24,-7.88612859676246,-7.09408485717363
2010,25,-7.83383432912702,-7.10620621770598
2010,26,-7.76240326578531,-7.3232707229438
2010,27,-7.70411781882782,-6.90775527898214
2010,28,-7.60188173684837,-7.15621663828064
2010,29,-7.52713139209738,-7.35404238161056
2010,30,-7.51994980375921,-7.02428909523809
2010,31,-7.46784847703463,-7.48757377423508
2010,32,-7.41278857132691,-6.89780494812897
2010,33,-7.31156800774234,-7.13089883029635
2010,34,-7.24408540733374,-7.10620621770598
2010,35,-7.10639279258698,-7.22246602382184
2010,36,-7.01156157647778,-6.96963068270022
2010,37,-6.94206447273798,-6.81244509917781
2010,38,-6.85450084928807,-6.75933527386386
2010,39,-6.77142325369904,-6.76799333660698
2010,40,-6.648142278381,-6.52931884326189
2010,41,-6.5487780884896,-6.7338019718587
2010,42,-6.46982339140562,-6.37126190846757
2010,43,-6.38101763500042,-6.29798970736124
2010,44,-6.21741079584525,-6.32553965912947
2010,45,-6.09708475911582,-6.10575369351011
2010,46,-6.0109789240772,-6.11476276345248
2010,47,-5.99553750804163,-5.91450350597185
2010,48,-5.88906920195847,-5.95996588004861
2010,49,-5.81480788354131,-5.79261368836282
2010,50,-5.76298553996951,-5.7603528261446
2010,51,-5.71842085381355,-5.62960307648195
2010,52,-5.65114630574526,-5.43070655459378
2010,53,-5.52504460768697,-5.42842605189506
2010,54,-5.44364725326443,-5.23252962601003
2010,55,-5.27555885615991,-5.23816344372829
2010,56,-5.14480380955449,-5.10604547890091
2010,57,-5.0224373696035,-5.08482019228563
2010,58,-4.94404829882191,-4.96470636220786
2010,59,-4.86304443881699,-4.92813407258451
2010,60,-4.76359155222934,-4.89151981320609
2010,61,-4.65098542718138,-4.78429685188553
2010,62,-4.5733885972626,-4.6512141244895
2010,63,-4.46390706835733,-4.59918811431054
2010,64,-4.39037011261304,-4.54784511936882
2010,65,-4.31893669818318,-4.39409921590815
2010,66,-4.25390999894434,-4.32753844938981
2010,67,-4.17322406672967,-4.40141334847407
2010,68,-4.1147907287438,-4.21651219619631
2010,69,-3.99162419832927,-4.14395506277544
2010,70,-3.87510912379732,-4.0751303432983
2010,71,-3.75142186527978,-4.00523538715033
2010,72,-3.60247618426276,-3.90703546391711
2010,73,-3.49602528381601,-3.81989971655234
2010,74,-3.4019458091803,-3.70541542275404
2010,75,-3.26593763532602,-3.60086857679122
2010,76,-3.17632993033923,-3.49331267056996
2010,77,-3.02727154877442,-3.35012411147815
2010,78,-2.90422439296433,-3.23196106441686
2010,79,-2.76595705092882,-3.08850567370635
2010,80,-2.6626226315786,-3.015322923319
2010,81,-2.61225655958703,-2.83719124542544
2010,82,-2.48841246073785,-2.75876471564671
2010,83,-2.3513789090868,-2.62361714512738
2010,84,-2.2509046263839,-2.51763647441092
2010,85,-2.17257183003465,-2.38206129449584
2010,86,-2.07754479103557,-2.22137383756922
2010,87,-1.97865741698797,-2.18054446708502
2010,88,-1.86022233769988,-2.0087967021105
2010,89,-1.77881462142516,-1.90865290069961
2010,90,-1.71459897175427,-1.75169296001497
2010,91,-1.63171113173089,-1.63188804127169
2010,92,-1.52977128685751,-1.56728879892594
2010,93,-1.44497466662783,-1.4559017070719
2010,94,-1.36391703496183,-1.32211840570133
2010,95,-1.28331354251528,-1.2319951208997
2010,96,-1.20066566516565,-1.13180719352575
2010,97,-1.12556220214381,-1.0357220001199
2010,98,-1.06164961531877,-0.944098817514726
2010,99,-1.02386353340903,-0.857220258297167
2010,100,-1.06619950176729,-0.775268714162267
2011,0,-5.30975476959337,-6.05760434961253
2011,1,-8.04787860717514,-8.01641790350375
2011,2,-8.55636527679238,-9.21034037197618
2011,3,-8.83741374673269,-8.94797610750869
2011,4,-8.92459057826222,-9.43348392329039
2011,5,-9.03002853892689,-9.56701531591492
2011,6,-9.12663975628537,-9.56701531591492
2011,7,-9.14709938035933,-9.02801881518223
2011,8,-9.16708332621278,-9.02801881518223
2011,9,-9.26981010304024,-9.11503019217186
2011,10,-9.3834058845135,-8.87386813535497
2011,11,-9.39221867297394,-10.8197782844103
2011,12,-9.39220835852273,-9.21034037197618
2011,13,-9.2807358371677,-8.67971212091401
2011,14,-9.05726051031895,-9.43348392329039
2011,15,-8.746817674627,-8.42188301161191
2011,16,-8.4788539961454,-8.87386813535497
2011,17,-8.33025976488505,-7.95757740348081
2011,18,-8.08096918685457,-7.3697907385787
2011,19,-7.991769509423,-7.72873583105197
2011,20,-7.99886736868665,-7.30823284557926
2011,21,-7.97992169369398,-7.25024558792891
2011,22,-7.95884760135749,-7.77525584668686
2011,23,-7.93826405218589,-7.40205160079692
2011,24,-7.91591172631487,-7.3697907385787
2011,25,-7.86331606434774,-7.30823284557926
2011,26,-7.78345945951529,-7.23625934595417
2011,27,-7.72007988712484,-7.38579107992514
2011,28,-7.65924601230293,-7.41858090274813
2011,29,-7.61419688822708,-6.99113688792119
2011,30,-7.55176563861554,-7.13089883029635
2011,31,-7.52281540099835,-7.08210866612691
2011,32,-7.43660206055834,-7.46987419713568
2011,33,-7.37607746758962,-7.16912004311654
2011,34,-7.2908801005938,-6.98032597181697
2011,35,-7.15487496040164,-6.99113688792119
2011,36,-7.02903380177845,-6.99113688792119
2011,37,-6.96387741348395,-6.90775527898214
2011,38,-6.88429808536933,-6.76799333660698
2011,39,-6.80037000260479,-6.88795265168596
2011,40,-6.70148733073349,-6.58567177981302
2011,41,-6.59767966009244,-6.52249287819149
2011,42,-6.4848463895932,-6.84009663050832
2011,43,-6.44583114363374,-6.46306945772069
2011,44,-6.28790574689809,-6.40093767661368
2011,45,-6.16219473237987,-6.30343931212881
2011,46,-6.08659105639512,-5.95996588004861
2011,47,-6.03879278978478,-6.03646191303872
2011,48,-5.9678951580062,-6.05333995082607
2011,49,-5.87295632273327,-5.89615436730366
2011,50,-5.84827444771981,-5.75087408219005
2011,51,-5.74996491046465,-5.51398890302355
2011,52,-5.6578217275586,-5.51647337635121
2011,53,-5.53252043281026,-5.44449987672612
2011,54,-5.44543250654125,-5.34540897408189
2011,55,-5.343237601785,-5.2648825904618
2011,56,-5.15960095159719,-5.19036022504294
2011,57,-5.06127279524076,-5.15855542417288
2011,58,-4.97668398086635,-4.93506410724918
2011,59,-4.87174376831412,-4.94204250263064
2011,60,-4.79707294343146,-4.79754207863555
2011,61,-4.69107003903837,-4.81589121730374
2011,62,-4.59554502440218,-4.71833888409373
2011,63,-4.49226938225554,-4.62946287855714
2011,64,-4.41601153495525,-4.63356966050979
2011,65,-4.35189766464851,-4.50895132824755
2011,66,-4.28556686990555,-4.36536619378077
2011,67,-4.20102924857942,-4.3260244445586
2011,68,-4.13413775723503,-4.29108963968178
2011,69,-4.0304714552488,-4.13516655674236
2011,70,-3.89593218059334,-4.15345782671461
2011,71,-3.77737878848254,-3.97656152656572
2011,72,-3.63063509111578,-3.96647919122421
2011,73,-3.53267874797301,-3.84343021396253
2011,74,-3.44638501548679,-3.74862945851971
2011,75,-3.30059206782863,-3.61154811117761
2011,76,-3.21515746845498,-3.51459006901725
2011,77,-3.07795327330965,-3.37086218186608
2011,78,-2.94243715945134,-3.35040921483005
2011,79,-2.82325686106331,-3.16865810870758
2011,80,-2.71424736998402,-3.08456348726061
2011,81,-2.64754745440254,-2.90790456318847
2011,82,-2.53500556714999,-2.75908037221499
2011,83,-2.40587986254879,-2.7156792282667
2011,84,-2.29476258302809,-2.52848243250488
2011,85,-2.21304300628736,-2.38076287405807
2011,86,-2.1195379555742,-2.32237972032223
2011,87,-2.02111624866212,-2.16117234004372
2011,88,-1.90127324678384,-2.03133732700569
2011,89,-1.81072844356799,-1.92325864249558
2011,90,-1.73772245453635,-1.78569787784946
2011,91,-1.6684226905175,-1.67237771220797
2011,92,-1.56117879079241,-1.53095025938536
2011,93,-1.48250652765186,-1.43426685966899
2011,94,-1.3998428752592,-1.27500346498132
2011,95,-1.29448045278133,-1.22040711078936
2011,96,-1.22631709859286,-1.11712255142721
2011,97,-1.15910934797239,-1.01832345743931
2011,98,-1.07524133171783,-0.924348105501889
2011,99,-1.03992980799989,-0.835494462046065
2011,100,-1.03279281449489,-0.752005862566352
2012,0,-5.16596625730025,-6.05333995082607
2012,1,-8.06808340363098,-8.01641790350375
2012,2,-8.68850704827391,-9.21034037197618
2012,3,-8.93715904042799,-8.74033674273045
2012,4,-8.99834921886598,-9.56701531591492
2012,5,-9.09000525251662,-9.02801881518223
2012,6,-9.13219378489582,-10.4143131763021
2012,7,-9.18375087263595,-9.02801881518223
2012,8,-9.20228654819301,-9.02801881518223
2012,9,-9.28771568697485,-9.02801881518223
2012,10,-9.38448526149602,-9.56701531591492
2012,11,-9.48490433154832,-9.02801881518223
2012,12,-9.39055440593456,-9.56701531591492
2012,13,-9.26024344954283,-8.87386813535497
2012,14,-9.12081967550694,-9.90348755253613
2012,15,-8.81800771351322,-8.46840302724681
2012,16,-8.54348161713227,-8.33487163462228
2012,17,-8.32464445629976,-8.37743124904108
2012,18,-8.10538349286899,-7.60090245954208
2012,19,-8.01615742257697,-7.3697907385787
2012,20,-8.01243951796503,-7.48757377423508
2012,21,-7.99504692629503,-7.43538802106451
2012,22,-7.99557827221546,-7.20886037176606
2012,23,-7.95436597230668,-7.5810998322459
2012,24,-7.93535279833183,-7.33853819507459
2012,25,-7.88286968522937,-7.41858090274813
2012,26,-7.82771831460872,-7.19543735143392
2012,27,-7.75421404657377,-7.38579107992514
2012,28,-7.67283423999055,-7.22246602382184
2012,29,-7.6071458990432,-7.19543735143392
2012,30,-7.57398266315599,-7.38579107992514
2012,31,-7.54189880425129,-7.14347761250321
2012,32,-7.48249499775304,-7.04701734631564
2012,33,-7.38505088845934,-7.3697907385787
2012,34,-7.30240983684947,-7.14347761250321
2012,35,-7.17511191367595,-7.08210866612691
2012,36,-7.0664553891844,-6.91780561483564
2012,37,-7.00168533776096,-7.01311579463996
2012,38,-6.90458873446318,-6.74224084050456
2012,39,-6.84432882851448,-6.78553764625789
2012,40,-6.70453085225601,-6.7338019718587
2012,41,-6.63464452966613,-6.41305903714603
2012,42,-6.53234087286294,-6.60027057923418
2012,43,-6.46451766803974,-6.48904494412395
2012,44,-6.30971974942581,-6.37126190846757
2012,45,-6.18582498841921,-6.21460809842219
2012,46,-6.07302599830194,-6.11929791861787
2012,47,-6.08084897865396,-6.14694944994838
2012,48,-6.00052481064717,-5.97953597624271
2012,49,-5.89317173700652,-5.82595010863041
2012,50,-5.82216584141102,-5.81919332616753
2012,51,-5.74403842398734,-5.78934036301785
2012,52,-5.70595318507173,-5.63239247856953
2012,53,-5.59946411736342,-5.53911585310097
2012,54,-5.50860025347413,-5.38824207407602
2012,55,-5.3984675063338,-5.36873983084458
2012,56,-5.20867312877354,-5.22320989406123
2012,57,-5.08590893779775,-5.1243640594246
2012,58,-4.999618011449,-5.07517381523383
2012,59,-4.91552398736646,-5.01163579442984
2012,60,-4.80900342645326,-4.89686027983741
2012,61,-4.7228214844162,-4.76065508882849
2012,62,-4.62983534160876,-4.73414056728505
2012,63,-4.53211880945663,-4.74098990913063
2012,64,-4.45539999719711,-4.53751153751428
2012,65,-4.37189101485453,-4.42702400060462
2012,66,-4.30075262406591,-4.38442951929019
2012,67,-4.22340007978938,-4.33133352035836
2012,68,-4.15252630017923,-4.25451331437492
2012,69,-4.03131147629001,-4.20037196686763
2012,70,-3.92312122566639,-4.10016144754367
2012,71,-3.78752320293083,-4.02911877730439
2012,72,-3.65367878858409,-3.95232430220167
2012,73,-3.54727915702718,-3.8076629901039
2012,74,-3.46726025127128,-3.73933099761003
2012,75,-3.31791033477668,-3.61898032673427
2012,76,-3.22562496791912,-3.53187570530427
2012,77,-3.09418670268336,-3.39979836074845
2012,78,-2.96711357387298,-3.31538672524904
2012,79,-2.83984037504575,-3.20177291696854
2012,80,-2.73341647419187,-3.05888508855926
2012,81,-2.65838945945547,-2.92713948208838
2012,82,-2.54891248104339,-2.78288151172521
2012,83,-2.41174605499146,-2.65726203427011
2012,84,-2.30557758848814,-2.52873315332855
2012,85,-2.21966640079534,-2.41095011767217
2012,86,-2.1324592326446,-2.26086749964218
2012,87,-2.03062981307242,-2.16013112519911
2012,88,-1.91175485277684,-1.99966963990168
2012,89,-1.82577510432011,-1.94037549355684
2012,90,-1.74067481451215,-1.78129441938029
2012,91,-1.67537250706965,-1.65443527836484
2012,92,-1.56510707987242,-1.51955150563958
2012,93,-1.4778953612285,-1.50192970471882
2012,94,-1.41060024113896,-1.33032999320246
2012,95,-1.30764533292002,-1.21425885819444
2012,96,-1.22646847833268,-1.11136323759354
2012,97,-1.16604885007333,-1.01293930692996
2012,98,-1.08730590260537,-0.919345392603384
2012,99,-1.04070763896762,-0.830870202945884
2012,100,-1.02767320630012,-0.747751212553986
2013,0,-5.12266892141596,-6.35963387047245
2013,1,-8.14813932006475,-8.11172808330807
2013,2,-8.79258107444915,-9.21034037197618
2013,3,-8.99485444010301,-9.21034037197618
2013,4,-9.14252431451521,-9.43348392329039
2013,5,-9.18166856695635,-10.4143131763021
2013,6,-9.32984475957648,-9.43348392329039
2013,7,-9.21978046417785,-9.56701531591492
2013,8,-9.29841723347159,-9.43348392329039
2013,9,-9.39419480047932,-10.4143131763021
2013,10,-9.56598228875053,-10.4143131763021
2013,11,-9.61308232010304,-9.31570088763401
2013,12,-9.53694013117109,-9.31570088763401
2013,13,-9.35506207595423,-9.31570088763401
2013,14,-9.21848509045234,-8.67971212091401
2013,15,-8.80675404051052,-8.56848648580379
2013,16,-8.54906992612469,-8.0471895621705
2013,17,-8.35434764885528,-8.74033674273045
2013,18,-8.11806541399808,-7.79935339826592
2013,19,-8.03995680527954,-7.79935339826592
2013,20,-8.04190350626235,-7.64172445406234
2013,21,-8.03271393696653,-7.52394141840595
2013,22,-8.02007266690986,-7.40205160079692
2013,23,-8.00385197891706,-7.5810998322459
2013,24,-7.9728253512614,-7.48757377423508
2013,25,-7.93432029142907,-7.16912004311654
2013,26,-7.84123479618719,-7.27881896037297
2013,27,-7.78636267416474,-7.82404601085629
2013,28,-7.71319681113934,-7.27881896037297
2013,29,-7.6565293678739,-7.25024558792891
2013,30,-7.62077204750733,-7.04701734631564
2013,31,-7.5598271406518,-7.03558865049202
2013,32,-7.5002384324473,-7.03558865049202
2013,33,-7.41210326705386,-7.27881896037297
2013,34,-7.32415785722607,-7.20886037176606
2013,35,-7.19697703341041,-7.11847631029779
2013,36,-7.10841609353834,-7.10620621770598
2013,37,-7.05621298744962,-6.86853456582886
2013,38,-6.94581787119673,-6.78553764625789
2013,39,-6.87194137281958,-6.95904857336969
2013,40,-6.73697063556901,-6.77672701657573
2013,41,-6.65146360751223,-6.57128304236092
2013,42,-6.57258490366437,-6.60027057923418
2013,43,-6.48916776544249,-6.45667965962192
2013,44,-6.33926678422367,-6.44402126275
2013,45,-6.24407865776598,-6.2450673059069
2013,46,-6.15434945461126,-6.02398773881354
2013,47,-6.11818118678968,-6.20962055691115
2013,48,-6.02567079804431,-6.10127941311519
2013,49,-5.96495387089714,-5.84304454198971
2013,50,-5.89849194610903,-5.81583197846482
2013,51,-5.8514345756301,-5.80581520022135
2013,52,-5.768871697701,-5.78934036301785
2013,53,-5.67795648434022,-5.61302811138774
2013,54,-5.59646064018089,-5.52898918428304
2013,55,-5.41850591116241,-5.31038994778231
2013,56,-5.25292015258469,-5.27851473925186
2013,57,-5.13966201770546,-5.13790064514213
2013,58,-5.05912177711413,-5.04678074073261
2013,59,-4.96564584955732,-5.03595310208055
2013,60,-4.85797374842391,-4.90492483967414
2013,61,-4.74811024353689,-4.83332627912585
2013,62,-4.66984388438808,-4.76182399603347
2013,63,-4.58493524618459,-4.71275539666803
2013,64,-4.48845129095207,-4.55447707167257
2013,65,-4.41940627870979,-4.46540824361293
2013,66,-4.35255005368755,-4.45502752755837
2013,67,-4.28041366390279,-4.36379386641282
2013,68,-4.21688066405059,-4.20706543228622
2013,69,-4.09548344122636,-4.21854816568141
2013,70,-3.9776123197265,-4.18252025312583
2013,71,-3.85493375386406,-4.04555439805267
2013,72,-3.72047623640275,-3.97389840914623
2013,73,-3.61171550561735,-3.8518690826084
2013,74,-3.52854386650259,-3.72305690591552
2013,75,-3.39051709387324,-3.62384105793471
2013,76,-3.30327276336153,-3.55399897192012
2013,77,-3.17123595658937,-3.43392720628507
2013,78,-3.03335131103038,-3.2871546656215
2013,79,-2.91269377087271,-3.19004544320032
2013,80,-2.78204850491529,-3.09092246055774
2013,81,-2.72689349390009,-2.96268441950779
2013,82,-2.60388092183817,-2.83361342407756
2013,83,-2.47222544639458,-2.72159147166888
2013,84,-2.36285950001612,-2.59507872244305
2013,85,-2.28384837681669,-2.42463973900135
2013,86,-2.18102300597031,-2.27011790285654
2013,87,-2.08207708224379,-2.19849538446966
2013,88,-1.9576744861982,-2.09337820741871
2013,89,-1.87112046550204,-1.94121120639885
2013,90,-1.79370626204291,-1.80667008196381
2013,91,-1.70328796253749,-1.68750756785602
2013,92,-1.59968688428686,-1.56207734107426
2013,93,-1.5196009345981,-1.43519053090772
2013,94,-1.42264509322271,-1.37551269275521
2013,95,-1.33622243009637,-1.23735724834552
2013,96,-1.25777890507972,-1.13304846598924
2013,97,-1.2028071272566,-1.0331897833597
2013,98,-1.11468864700483,-0.938178531632184
2013,99,-1.05942048039253,-0.848258321482328
2013,100,-1.06218141628851,-0.763698408510982
2014,0,-5.38107089506149,-6.14694944994838
2014,1,-8.26977157586177,-8.67971212091401
2014,2,-8.94678394023812,-8.80487526386802
2014,3,-9.12920684117185,-9.11503019217186
2014,4,-9.22208968778407,-9.21034037197618
2014,5,-9.30781369852403,-10.8197782844103
2014,6,-9.39753789613625,-9.11503019217186
2014,7,-9.35251713680123,-8.80487526386802
2014,8,-9.34736779871767,-9.21034037197618
2014,9,-9.44778565530512,-9.43348392329039
2014,10,-9.53047994768521,-8.80487526386802
2014,11,-9.51819938005468,-10.8197782844103
2014,12,-9.52531544129105,-9.31570088763401
2014,13,-9.36754893260896,-9.31570088763401
2014,14,-9.18094837556892,-9.21034037197618
2014,15,-8.83800682767727,-9.43348392329039
2014,16,-8.60690396415862,-8.0471895621705
2014,17,-8.41865825215055,-8.56848648580379
2014,18,-8.15346006005812,-7.66277786326017
2014,19,-8.05441554231268,-8.01641790350375
2014,20,-8.05296787874872,-7.52394141840595
2014,21,-8.05075512559793,-7.92940652651412
2014,22,-8.04269711227311,-7.66277786326017
2014,23,-8.03765789612453,-7.68428406848113
2014,24,-8.00737800439986,-7.45248245442381
2014,25,-7.95688982750794,-7.22246602382184
2014,26,-7.87436678535456,-7.33853819507459
2014,27,-7.81793915307975,-7.33853819507459
2014,28,-7.72191146063018,-7.43538802106451
2014,29,-7.67135806000265,-7.16912004311654
2014,30,-7.60862405091148,-7.38579107992514
2014,31,-7.57905327770752,-7.27881896037297
2014,32,-7.52166700820259,-7.1821921246839
2014,33,-7.44621543245241,-7.04701734631564
2014,34,-7.35733701983941,-7.26443022292087
2014,35,-7.22782634351511,-7.15621663828064
2014,36,-7.1255511272943,-6.89780494812897
2014,37,-7.05147546899893,-6.93821448646685
2014,38,-6.97208786833034,-6.83079423784601
2014,39,-6.90498189707401,-7.1821921246839
2014,40,-6.79445314800471,-6.98032597181697
2014,41,-6.69857888301688,-6.69264389936519
2014,42,-6.60484115041906,-6.60027057923418
2014,43,-6.52874332879563,-6.76799333660698
2014,44,-6.41774254190036,-6.45667965962192
2014,45,-6.27138813922523,-6.37126190846757
2014,46,-6.20083494185967,-6.2925696398919
2014,47,-6.17216198096031,-6.16106733149416
2014,48,-6.07657314565726,-6.06618809330392
2014,49,-5.99192820853361,-6.13764705728606
2014,50,-5.9867613510513,-5.94840505764753
2014,51,-5.91987952950492,-5.76353247906197
2014,52,-5.86564064652937,-5.64929428937213
2014,53,-5.70028082467818,-5.59134704532641
2014,54,-5.62990422436883,-5.52898918428304
2014,55,-5.45504997387919,-5.44449987672612
2014,56,-5.29283586530312,-5.36019277026612
2014,57,-5.15830698094041,-5.23065871807422
2014,58,-5.0862854531877,-5.08805644106484
2014,59,-5.00105987313416,-5.13280292807046
2014,60,-4.90520597160332,-4.96041757793564
2014,61,-4.79507474603415,-4.84342737511235
2014,62,-4.69383817988189,-4.80606312836748
2014,63,-4.59661120495448,-4.669175515964
2014,64,-4.51644918618804,-4.61320235768536
2014,65,-4.44867497500809,-4.58733026785976
2014,66,-4.38976853741451,-4.49631578107601
2014,67,-4.29982022801313,-4.35130346203104
2014,68,-4.2348101380744,-4.26727039737569
2014,69,-4.12819056601374,-4.21651219619631
2014,70,-3.99176875232932,-4.08816370314702
2014,71,-3.88311101437291,-4.06809219107804
2014,72,-3.74873055192946,-3.9889040497641
2014,73,-3.65319173413063,-3.88489433803989
2014,74,-3.54972125503429,-3.74566146821292
2014,75,-3.42678998511721,-3.6554446780277
2014,76,-3.33653717188047,-3.54772717435805
2014,77,-3.21996339598649,-3.42221674888623
2014,78,-3.0749971212562,-3.28956656549097
2014,79,-2.95958660310238,-3.2158803158884
2014,80,-2.81965620749234,-3.05867207332787
2014,81,-2.75771974817267,-2.94389912491397
2014,82,-2.63612450305352,-2.86593283601915
2014,83,-2.51159206626917,-2.74512920934363
2014,84,-2.39594340563888,-2.57386901963619
2014,85,-2.30927531924698,-2.47384802243127
2014,86,-2.20959706948454,-2.31891774761494
2014,87,-2.11524653713835,-2.17639306775629
2014,88,-1.97954992038386,-2.03829959834866
2014,89,-1.89427398153912,-1.91027277146418
2014,90,-1.8132788433128,-1.8019916397943
2014,91,-1.74132068117764,-1.6882105935995
2014,92,-1.63495472327026,-1.56513398687758
2014,93,-1.56543774904357,-1.42101003720838
2014,94,-1.46908985355716,-1.32893152373141
2014,95,-1.36611886692898,-1.23089874226519
2014,96,-1.28009634383636,-1.12599376300935
2014,97,-1.22254989697146,-1.02560349181486
2014,98,-1.13253234423217,-0.930110790475018
2014,99,-1.07295941107069,-0.839839079713824
2014,100,-1.04702615043247,-0.755022584278033
2015,0,-5.32997536005262,-6.36543098815677
2015,1,-8.39450029058533,-9.21034037197618
2015,2,-9.02991507996358,-8.94797610750869
2015,3,-9.23358969415096,-9.43348392329039
2015,4,-9.30507794202365,-9.72116599574217
2015,5,-9.41330838867036,-9.43348392329039
2015,6,-9.38870023164643,-10.8197782844103
2015,7,-9.44077486214434,-9.90348755253613
2015,8,-9.51430264106073,-10.4143131763021
2015,9,-9.6328326739732,-9.43348392329039
2015,10,-9.65326893884883,-9.90348755253613
2015,11,-9.7316775767511,-8.67971212091401
2015,12,-9.58570989015479,-9.31570088763401
2015,13,-9.40470583299488,-8.87386813535497
2015,14,-9.22440133831999,-9.90348755253613
2015,15,-8.91734679985057,-8.67971212091401
2015,16,-8.63521804282911,-8.56848648580379
2015,17,-8.43934145712281,-8.51719319141624
2015,18,-8.16973960109607,-8.14562963498375
2015,19,-8.08156803175718,-7.6211051668596
2015,20,-8.06403528489721,-7.72873583105197
2015,21,-8.0614424138827,-7.5810998322459
2015,22,-8.06049985506182,-7.46987419713568
2015,23,-8.04321404829846,-7.82404601085629
2015,24,-8.02168687852425,-7.50559227973776
2015,25,-7.96344405451956,-7.50559227973776
2015,26,-7.91242680695379,-7.50559227973776
2015,27,-7.84829003249804,-7.75172534927667
2015,28,-7.77239478366271,-7.5810998322459
2015,29,-7.7097150771235,-7.3232707229438
2015,30,-7.67302445060552,-7.33853819507459
2015,31,-7.61388169073274,-7.26443022292087
2015,32,-7.54517819300369,-7.43538802106451
2015,33,-7.46813955691511,-7.26443022292087
2015,34,-7.39824231314159,-7.20886037176606
2015,35,-7.27709771853045,-7.35404238161056
2015,36,-7.18060617914263,-7.16912004311654
2015,37,-7.12356028652764,-7.04701734631564
2015,38,-7.03345005541056,-7.03558865049202
2015,39,-6.98480300805965,-6.95904857336969
2015,40,-6.82054901293259,-6.85896511481271
2015,41,-6.75300240225325,-6.88795265168596
2015,42,-6.67233019735967,-6.78553764625789
2015,43,-6.60614721780355,-6.75075153017247
2015,44,-6.45780144347088,-6.45667965962192
2015,45,-6.36545062535306,-6.18504929618065
2015,46,-6.25386388661919,-6.2450673059069
2015,47,-6.23535141857735,-6.28717879125703
2015,48,-6.10261520100328,-6.11476276345248
2015,49,-6.07261649183643,-6.04065479129875
2015,50,-5.99499653024397,-5.89979735858216
2015,51,-5.9073143664467,-5.80914299031403
2015,52,-5.84005788762841,-5.65499231048677
2015,53,-5.73335327822644,-5.78607771738303
2015,54,-5.67953177027752,-5.61852263070538
2015,55,-5.54469404489065,-5.49433225047399
2015,56,-5.34111290067726,-5.26295022271074
2015,57,-5.22366010222344,-5.23628197562858
2015,58,-5.13680074343483,-5.25909665339476
2015,59,-5.0701328709095,-5.11599580975408
2015,60,-4.94015717210288,-5.05145728861651
2015,61,-4.83813204340314,-4.8809236875746
2015,62,-4.76405077283285,-4.8613535913805
2015,63,-4.65809124980809,-4.69181799271376
2015,64,-4.58605792869388,-4.61926911036759
2015,65,-4.51029350653751,-4.52082903755434
2015,66,-4.44388285063923,-4.47326511510815
2015,67,-4.35652240670986,-4.41124949335078
2015,68,-4.29349944130169,-4.31549011087364
2015,69,-4.16086052844014,-4.23360662955561
2015,70,-4.03705586719853,-4.10925517495785
2015,71,-3.92038395233495,-4.10560775450081
2015,72,-3.80288369602933,-4.00413829433595
2015,73,-3.70814394483306,-3.88392157531727
2015,74,-3.61899007569952,-3.79914084837147
2015,75,-3.47732260515921,-3.68091128446476
2015,76,-3.3887883615138,-3.56171830849726
2015,77,-3.26964446707122,-3.48219054087169
2015,78,-3.14502253725431,-3.32257106120697
2015,79,-3.01599724686931,-3.20595959960165
2015,80,-2.89078526976994,-3.11677060193105
2015,81,-2.82644888034664,-3.02908225323555
2015,82,-2.71555973221741,-2.86523046548983
2015,83,-2.56629688182567,-2.71070371856777
2015,84,-2.44754963870536,-2.59910611411303
2015,85,-2.3532324766425,-2.43235215105311
2015,86,-2.2615473198355,-2.25713383009013
2015,87,-2.15158798914624,-2.19876576435505
2015,88,-2.02732585165684,-2.08433348776026
2015,89,-1.93379471144944,-1.93019429261531
2015,90,-1.83943659494795,-1.79366127651765
2015,91,-1.77295479967295,-1.7002382767606
2015,92,-1.6518048961531,-1.61299422863688
2015,93,-1.5718060125672,-1.43049706379962
2015,94,-1.489410535906,-1.38365783979876
2015,95,-1.37530024533708,-1.23450074269489
2015,96,-1.30657627038871,-1.12976245646041
2015,97,-1.24979066598367,-1.02957141833312
2015,98,-1.15880021780229,-0.934251057251148
2015,99,-1.08279939752517,-0.844132874244047
2015,100,-1.06973614506752,-0.759436566901167
2016,0,-5.63089043000347,-6.30343931212881
2016,1,-8.57057434343299,-8.87386813535497
2016,2,-9.11664474969652,-9.31570088763401
2016,3,-9.34362941688642,-9.43348392329039
2016,4,-9.44610743341999,-9.43348392329039
2016,5,-9.48256719825059,-8.56848648580379
2016,6,-9.49551395808281,-9.21034037197618
2016,7,-9.40815723038953,-9.90348755253613
2016,8,-9.51062068534492,-9.90348755253613
2016,9,-9.58276208067217,-9.43348392329039
2016,10,-9.64999713425173,-8.94797610750869
2016,11,-9.62019716787455,-9.56701531591492
2016,12,-9.59848737164068,-9.43348392329039
2016,13,-9.39405585875419,-9.90348755253613
2016,14,-9.25814627891884,-8.67971212091401
2016,15,-8.84871868862522,-8.33487163462228
2016,16,-8.59611201453068,-9.43348392329039
2016,17,-8.46128484533997,-8.80487526386802
2016,18,-8.20199986745308,-7.902007552326
2016,19,-8.08427891222818,-7.60090245954208
2016,20,-8.07946843420349,-7.5616817463888
2016,21,-8.07367929677869,-7.77525584668686
2016,22,-8.0704253907881,-7.5810998322459
2016,23,-8.06004086198297,-7.60090245954208
2016,24,-8.02056169324371,-7.46987419713568
2016,25,-7.9820068813526,-7.26443022292087
2016,26,-7.91330732738431,-7.66277786326017
2016,27,-7.85584658147432,-7.29341775979412
2016,28,-7.76955739948129,-7.79935339826592
2016,29,-7.71264711156309,-7.22246602382184
2016,30,-7.6625498220354,-7.52394141840595
2016,31,-7.62894594672516,-7.22246602382184
2016,32,-7.55924027871457,-7.38579107992514
2016,33,-7.47425830172931,-7.29341775979412
2016,34,-7.40599119629632,-7.1821921246839
2016,35,-7.2985276594337,-7.20886037176606
2016,36,-7.19084236187006,-7.15621663828064
2016,37,-7.10915312175055,-7.15621663828064
2016,38,-7.02452972362795,-6.79442659367513
2016,39,-6.96976165621624,-6.82157758274108
2016,40,-6.84285537882249,-7.09408485717363
2016,41,-6.7382240689157,-6.70074110959781
2016,42,-6.64977385771103,-6.67664355801875
2016,43,-6.57585913519116,-6.63012354238386
2016,44,-6.43385454894769,-6.56416557459206
2016,45,-6.33178016115927,-6.27117844991059
2016,46,-6.24428115471253,-6.2450673059069
2016,47,-6.21588478795702,-6.2925696398919
2016,48,-6.11691872829818,-6.34813949104671
2016,49,-6.04528607810855,-5.94458096120913
2016,50,-6.01226663780585,-5.79261368836282
2016,51,-5.92105094021202,-5.79261368836282
2016,52,-5.87584581006162,-5.65213924150436
2016,53,-5.7727456083875,-5.75087408219005
2016,54,-5.69215762553854,-5.57012608984353
2016,55,-5.51609229920957,-5.47744403244547
2016,56,-5.33580812533079,-5.37952742197358
2016,57,-5.22960236374378,-5.3538300764783
2016,58,-5.15148158245598,-5.24952720237861
2016,59,-5.05077397321523,-5.1277310659725
2016,60,-4.94147006522714,-4.99377817702983
2016,61,-4.82802934180902,-4.93924529800958
2016,62,-4.75706917866998,-4.84089251950916
2016,63,-4.62779088086412,-4.72395372197806
2016,64,-4.54568473972767,-4.58536755869191
2016,65,-4.4836273889725,-4.47589785028395
2016,66,-4.41437419166719,-4.4990099901597
2016,67,-4.32196649238461,-4.41042610919558
2016,68,-4.26958781310066,-4.36930786226611
2016,69,-4.14188876395324,-4.26513288320238
2016,70,-4.01849470887966,-4.15728436199598
2016,71,-3.91008573121715,-4.0285568216841
2016,72,-3.78366059263573,-3.97177300983392
2016,73,-3.68785905969725,-3.83598831915215
2016,74,-3.59169045364217,-3.74947907624287
2016,75,-3.45540227277416,-3.70460241457917
2016,76,-3.36715531693158,-3.55785119170753
2016,77,-3.24522773412711,-3.49726785041289
2016,78,-3.109897887123,-3.35584167994136
2016,79,-2.98415092370866,-3.18786177133903
2016,80,-2.86353661323621,-3.11857810355284
2016,81,-2.79680848459701,-3.02722294064536
2016,82,-2.69183588770165,-2.87812703147973
2016,83,-2.53936554634976,-2.70440684618741
2016,84,-2.41729007251691,-2.55954399280299
2016,85,-2.33274069575006,-2.47562981300779
2016,86,-2.23445307670372,-2.32309396962559
2016,87,-2.14838474531307,-2.17965974615675
2016,88,-2.0023123973736,-2.00492793752019
2016,89,-1.90601364721354,-1.90757444278974
2016,90,-1.82610850378717,-1.79528567900461
2016,91,-1.75546604091372,-1.71318861342803
2016,92,-1.6524938408207,-1.57856928877163
2016,93,-1.57093444143994,-1.48135257267088
2016,94,-1.47871960722668,-1.3076680406647
2016,95,-1.37311418841295,-1.21908644213598
2016,96,-1.29989462956802,-1.11364471150207
2016,97,-1.23686908554705,-1.01288423478544
2016,98,-1.13902741483244,-0.917191137117319
2016,99,-1.07521554558981,-0.826815725446552
2016,100,-1.05474500033221,-0.74206435279456
2017,0,-5.49805319622088,-6.23992590640648
2017,1,-8.45332148227331,-8.07893826048508
2017,2,-8.95529366585271,-8.87386813535497
2017,3,-9.19449853079693,-9.90348755253613
2017,4,-9.36495757842552,-9.21034037197618
2017,5,-9.3775915676931,-9.56701531591492
2017,6,-9.44069447009815,-9.43348392329039
2017,7,-9.43953773473155,-9.43348392329039
2017,8,-9.50310387734242,-9.43348392329039
2017,9,-9.54540495858629,-9.43348392329039
2017,10,-9.59346878439452,-10.8197782844103
2017,11,-9.710641253508,-9.56701531591492
2017,12,-9.6456532334612,-9.43348392329039
2017,13,-9.44820308721292,-9.43348392329039
2017,14,-9.24587905940164,-8.87386813535497
2017,15,-8.9315789223233,-8.56848648580379
2017,16,-8.67238040380685,-8.14562963498375
2017,17,-8.43068459889537,-7.77525584668686
2017,18,-8.14878640019508,-7.902007552326
2017,19,-8.05842938066449,-7.41858090274813
2017,20,-8.06078562603359,-7.52394141840595
2017,21,-8.05125810677753,-7.66277786326017
2017,22,-8.04615821738653,-7.70626297519991
2017,23,-8.03285712581863,-7.54263355141811
2017,24,-8.00435738702635,-7.15621663828064
2017,25,-7.94759817548176,-7.60090245954208
2017,26,-7.8915867616499,-7.50559227973776
2017,27,-7.82703816756127,-7.27881896037297
2017,28,-7.75279580953237,-7.30823284557926
2017,29,-7.66684912799276,-7.5616817463888
2017,30,-7.65609767775413,-7.26443022292087
2017,31,-7.59460276795613,-7.25024558792891
2017,32,-7.53862624123866,-7.38579107992514
2017,33,-7.45829850867888,-7.10620621770598
2017,34,-7.37518238558092,-7.16912004311654
2017,35,-7.25288105560319,-7.43538802106451
2017,36,-7.16385626879288,-7.11847631029779
2017,37,-7.09735672659447,-6.86853456582886
2017,38,-7.00228145236767,-7.16912004311654
2017,39,-6.95171015313363,-6.93821448646685
2017,40,-6.82973858222841,-6.95904857336969
2017,41,-6.71742884596964,-6.83079423784601
2017,42,-6.63711430984008,-6.66089520105061
2017,43,-6.57496306724228,-6.37126190846757
2017,44,-6.41959269658618,-6.41917526416347
2017,45,-6.31858532360714,-6.5929445391421
2017,46,-6.2448850809992,-6.44402126275
2017,47,-6.23264478523332,-6.4377516497364
2017,48,-6.1570426640004,-6.2606520369236
2017,49,-6.05168088617574,-6.06618809330392
2017,50,-5.99261009993678,-5.92567680656998
2017,51,-5.93992179751264,-5.84996498483428
2017,52,-5.87603025671855,-5.77958418807248
2017,53,-5.78405811547494,-5.69581430500702
2017,54,-5.72031829570767,-5.55450077194045
2017,55,-5.54380920149161,-5.6021288209297
2017,56,-5.37735928529845,-5.41260651295016
2017,57,-5.24016235198181,-5.43757943388154
2017,58,-5.15830508490159,-5.25909665339476
2017,59,-5.07366663223072,-5.10110719726033
2017,60,-4.93669030303142,-5.04522673886587
2017,61,-4.83479736615859,-4.87304963114369
2017,62,-4.73966991294331,-4.8613535913805
2017,63,-4.6298147885479,-4.73300355749798
2017,64,-4.55614586850135,-4.669175515964
2017,65,-4.48971541795774,-4.58536755869191
2017,66,-4.41197312394027,-4.49184150068109
2017,67,-4.32717604866127,-4.40796001670039
2017,68,-4.27273008032521,-4.31923964657512
2017,69,-4.14500190802143,-4.26299992825224
2017,70,-4.01982785169857,-4.16949923582286
2017,71,-3.88979690232057,-4.03928835647402
2017,72,-3.76801842400933,-3.97071200177683
2017,73,-3.66505471817025,-3.93785376546267
2017,74,-3.5773416868609,-3.80586280959976
2017,75,-3.44161367170346,-3.69088145678461
2017,76,-3.35011827046211,-3.62872553129419
2017,77,-3.2228758633054,-3.49792857062193
2017,78,-3.09395841960878,-3.38110067996303
2017,79,-2.96526137146523,-3.21812610597765
2017,80,-2.83827227509559,-3.09511071753427
2017,81,-2.77929849020294,-3.00154915887556
2017,82,-2.66265903552405,-2.86962839675826
2017,83,-2.52585482872932,-2.79018259064083
2017,84,-2.42126872038812,-2.57583842879371
2017,85,-2.33689226236215,-2.51776047465908
2017,86,-2.23621988152278,-2.352405787978
2017,87,-2.13605351552513,-2.22201944515448
2017,88,-2.00855233698953,-2.08666758677158
2017,89,-1.91074342982582,-1.96875921202803
2017,90,-1.832029302148,-1.80929227452036
2017,91,-1.7615439829724,-1.70358377032433
2017,92,-1.65237643809663,-1.63752879260063
2017,93,-1.58150736066277,-1.4698933849962
2017,94,-1.47647621408847,-1.39998768825189
2017,95,-1.37576409227532,-1.27000577493037
2017,96,-1.29721711938035,-1.1654253947137
2017,97,-1.23658968526574,-1.06508080545932
2017,98,-1.15028958208908,-0.969296017198053
2017,99,-1.07924788928055,-0.878417079446074
2017,100,-1.06208160880474,-0.79265817142888
2018,0,-5.28776843609681,-6.19971948592844
2018,1,-8.37523562602068,-8.2170885989659
2018,2,-9.07840574203217,-8.87386813535497
2018,3,-9.31436276831005,-8.87386813535497
2018,4,-9.3653243481759,-10.8197782844103
2018,5,-9.52357836636077,-23.0258509299405
2018,6,-9.74534604480182,-9.21034037197618
2018,7,-9.70734396614909,-9.72116599574217
2018,8,-9.68499194364427,-10.4143131763021
2018,9,-9.74652431916947,-10.4143131763021
2018,10,-9.83065232026776,-10.4143131763021
2018,11,-9.81837235936966,-9.56701531591492
2018,12,-9.72548829929259,-9.56701531591492
2018,13,-9.63063175210468,-9.43348392329039
2018,14,-9.39766713014259,-8.94797610750869
2018,15,-9.04911088039809,-8.87386813535497
2018,16,-8.77585922547401,-7.92940652651412
2018,17,-8.51066255021264,-8.33487163462228
2018,18,-8.19991786513969,-7.3697907385787
2018,19,-8.07889355523163,-7.64172445406234
2018,20,-8.07609469855914,-7.77525584668686
2018,21,-8.10861464639367,-7.35404238161056
2018,22,-8.06757920898653,-7.38579107992514
2018,23,-8.08311155904416,-7.68428406848113
2018,24,-8.05049483738798,-7.72873583105197
2018,25,-8.02266007733255,-7.43538802106451
2018,26,-7.91285242974932,-7.48757377423508
2018,27,-7.8810370499423,-7.48757377423508
2018,28,-7.80608633180823,-7.64172445406234
2018,29,-7.75801841055615,-7.45248245442381
2018,30,-7.6940930823502,-7.20886037176606
2018,31,-7.57576448460254,-7.3232707229438
2018,32,-7.5361601773008,-7.15621663828064
2018,33,-7.48638324249305,-7.75172534927667
2018,34,-7.41225070303292,-7.26443022292087
2018,35,-7.25397757277669,-7.11847631029779
2018,36,-7.24168411208215,-7.11847631029779
2018,37,-7.18526087861742,-7.27881896037297
2018,38,-7.09518765817822,-7.00206595845338
2018,39,-6.9108511231788,-6.90775527898214
2018,40,-6.87128246140698,-6.84948637085816
2018,41,-6.83518855622813,-6.85896511481271
2018,42,-6.72299516091168,-6.77672701657573
2018,43,-6.62899092109656,-6.66873837851164
2018,44,-6.54495150293219,-6.63772814176908
2018,45,-6.42513603153766,-6.66089520105061
2018,46,-6.40824308401892,-6.45033043194326
2018,47,-6.31779763323752,-6.17538738526891
2018,48,-6.24251093702359,-6.03228654162824
2018,49,-6.18630764406261,-6.07920346141599
2018,50,-5.9908560744194,-5.94840505764753
2018,51,-6.06241944335035,-5.95609740327069
2018,52,-5.88178537920683,-5.76992227716075
2018,53,-5.81915030542156,-5.72602808360352
2018,54,-5.81427631009623,-5.61029213156886
2018,55,-5.57072331619489,-5.51647337635121
2018,56,-5.4736554615858,-5.44914025628262
2018,57,-5.41556269009375,-5.33913936106829
2018,58,-5.22724943644263,-5.22320989406123
2018,59,-5.14933109522022,-5.11766386685478
2018,60,-5.06593454797998,-5.02220193046772
2018,61,-5.0180403038843,-4.93924529800958
2018,62,-4.88781269735934,-4.80118506991405
2018,63,-4.82354308642347,-4.78071475850302
2018,64,-4.71543489636022,-4.66704558970618
2018,65,-4.64465326423699,-4.59324161512282
2018,66,-4.61825486735412,-4.51167984290075
2018,67,-4.51536707890961,-4.53006271350129
2018,68,-4.39469482549066,-4.33667093295308
2018,69,-4.34048070478217,-4.27299287364976
2018,70,-4.1856783115166,-4.19970507787993
2018,71,-4.00504557460026,-4.12459760539312
2018,72,-3.92764517430378,-3.99812570448156
2018,73,-3.80218276839636,-3.87907190528846
2018,74,-3.6527837065754,-3.80316860051606
2018,75,-3.61510274105814,-3.73220457885231
2018,76,-3.48871552325324,-3.61637276332719
2018,77,-3.36112818871341,-3.47829443204712
2018,78,-3.27568888716347,-3.37845789469267
2018,79,-3.1301848958223,-3.28983491380869
2018,80,-2.96710128754139,-3.09931658981056
2018,81,-2.90213328966458,-3.02392600792477
2018,82,-2.75519968504906,-2.87033386415966
2018,83,-2.6213997138524,-2.80709735470344
2018,84,-2.5360042487201,-2.62072637293054
2018,85,-2.42111248678891,-2.46651678467641
2018,86,-2.29397534770778,-2.31973125182902
2018,87,-2.16619901601784,-2.23166075465735
2018,88,-2.08517232770547,-2.13817295674366
2018,89,-1.96585809313482,-2.00196211640946
2018,90,-1.90040288912143,-1.84383201452116
2018,91,-1.78590064940653,-1.72940458048129
2018,92,-1.63000105639349,-1.55950554368589
2018,93,-1.57287325490124,-1.48934643217628
2018,94,-1.45492871877805,-1.32764816568716
2018,95,-1.39060537410187,-1.24848214431189
2018,96,-1.3276174474912,-1.14153022814723
2018,97,-1.27167671798675,-1.03910829452038
2018,98,-1.23083937871608,-0.941582899161529
2018,99,-1.12790661623063,-0.849309883148158
2018,100,-1.15521291234465,-0.762583007279939
2019,0,-5.71196569483055,-6.18991548583182
2019,1,-8.79536263924755,-8.74033674273045
2019,2,-9.39554872388376,-8.94797610750869
2019,3,-9.49358788600242,-9.31570088763401
2019,4,-9.52148544286375,-9.56701531591492
2019,5,-9.62195790536937,-9.43348392329039
2019,6,-9.54679103880921,-10.4143131763021
2019,7,-9.58577177686205,-10.8197782844103
2019,8,-9.67455523585067,-10.4143131763021
2019,9,-9.73326600223746,-9.90348755253613
2019,10,-9.75342408029663,-9.72116599574217
2019,11,-9.7605125352077,-9.11503019217186
2019,12,-9.66746405064369,-10.4143131763021
2019,13,-9.49567140514687,-9.21034037197618
2019,14,-9.28322768723358,-8.29404964010203
2019,15,-8.90127749159759,-8.37743124904108
2019,16,-8.65165776122702,-8.42188301161191
2019,17,-8.45745211661676,-7.95757740348081
2019,18,-8.15951312608742,-7.5616817463888
2019,19,-8.07526954246233,-7.54263355141811
2019,20,-8.06919524079819,-7.3697907385787
2019,21,-8.05789333256777,-7.1821921246839
2019,22,-8.04745480457689,-7.20886037176606
2019,23,-8.03327850148718,-7.5810998322459
2019,24,-8.01147921222075,-7.43538802106451
2019,25,-7.96310200911546,-7.35404238161056
2019,26,-7.90009011657403,-7.3232707229438
2019,27,-7.84024521560344,-7.40205160079692
2019,28,-7.75573785505696,-7.52394141840595
2019,29,-7.70003466129656,-7.30823284557926
2019,30,-7.65973807229889,-7.25024558792891
2019,31,-7.60886826071219,-7.3232707229438
2019,32,-7.54515149677703,-7.1821921246839
2019,33,-7.46674574085378,-7.38579107992514
2019,34,-7.38814613392102,-7.29341775979412
2019,35,-7.28504500318787,-7.19543735143392
2019,36,-7.18308225416549,-6.89780494812897
2019,37,-7.10506586877542,-7.05857816871672
2019,38,-7.02142052332052,-6.79442659367513
2019,39,-6.95984628325806,-6.99113688792119
2019,40,-6.81263297499502,-6.80339526365789
2019,41,-6.73650800209561,-6.75933527386386
2019,42,-6.66327539850356,-6.70890442023697
2019,43,-6.60248088544766,-6.75075153017247
2019,44,-6.48376344805769,-6.4377516497364
2019,45,-6.38111425713896,-6.65311306060856
2019,46,-6.27631488235068,-6.51571319120611
2019,47,-6.2569763481134,-6.46950034805098
2019,48,-6.15002003955735,-6.21962064024574
2019,49,-6.09136478918737,-6.05760434961253
2019,50,-6.05284808767665,-6.0448653238351
2019,51,-5.99678570832117,-6.01986402162968
2019,52,-5.93982976378805,-5.81919332616753
2019,53,-5.83572119178542,-5.74773436218538
2019,54,-5.73542485232629,-5.68692535758978
2019,55,-5.59058974556194,-5.59942245933196
2019,56,-5.41543978885709,-5.46319200973827
2019,57,-5.27800491688816,-5.42615073805792
2019,58,-5.17892693405745,-5.36232269652395
2019,59,-5.10482795448453,-5.15508319846213
2019,60,-4.96760089311096,-5.15681780427434
2019,61,-4.89000535249858,-5.04678074073261
2019,62,-4.79667833983111,-4.96901361940544
2019,63,-4.70019939014109,-4.85235031513054
2019,64,-4.62276895658962,-4.74213604106125
2019,65,-4.55531419003098,-4.57852825504167
2019,66,-4.46683007765212,-4.50532485101837
2019,67,-4.37961790395888,-4.51715930866538
2019,68,-4.31356711622967,-4.38202663467388
2019,69,-4.18808036518372,-4.28381158717693
2019,70,-4.06965135321987,-4.16756062455336
2019,71,-3.92812737489786,-4.08578133156161
2019,72,-3.80460514759968,-4.02519170353378
2019,73,-3.7061757048492,-3.90803098415861
2019,74,-3.60344953475416,-3.88197888407977
2019,75,-3.46541275103982,-3.68887945411394
2019,76,-3.37999043799776,-3.61451437215863
2019,77,-3.25495941884388,-3.48937307256588
2019,78,-3.12066010686216,-3.46158453167725
2019,79,-2.99352433292899,-3.265705412225
2019,80,-2.8626359189526,-3.15449356593893
2019,81,-2.81355035574214,-3.06765801312558
2019,82,-2.69112843769511,-2.93256969859635
2019,83,-2.54743326739337,-2.80478139006198
2019,84,-2.4458856750322,-2.69918957267001
2019,85,-2.34939307386263,-2.55902692970977
2019,86,-2.25059701304487,-2.39755533058527
2019,87,-2.1597700792518,-2.24771819155321
2019,88,-2.02121089892029,-2.15727336183399
2019,89,-1.92795703543071,-1.99716133906611
2019,90,-1.84184410920688,-1.87190718241448
2019,91,-1.76420875177917,-1.73415115660774
2019,92,-1.65793319700299,-1.58752966038522
2019,93,-1.57417014545781,-1.48916908004316
2019,94,-1.48011933892914,-1.4051510359702
2019,95,-1.3756075553099,-1.29331416635102
2019,96,-1.31415739202817,-1.18698459129708
2019,97,-1.25984482898387,-1.0849756911452
2019,98,-1.16098839828991,-0.987571933879119
2019,99,-1.0817036387672,-0.895116496642749
2019,100,-1.08121370233472,-0.807817565543549
